0,1,2,3,4,5,6,7,8,9,10,11,12
-0.36019,0.16134,0.067351,3.5337,0.46959,0.67908,3.4344,2.7924,2.7763,1.6991,3.8156,1.7464,1.0
-0.098505,-0.17857,2.0628,2.9216,0.42472,1.1785,1.6802,1.3888,3.2167,2.9236,0.77291,0.64145,1.0
-0.16946,0.50153,2.4709,3.065,1.5676,1.4824,0.9216,2.6424,1.5187,2.5318,2.4328,1.8768,1.0
-0.13605,0.47279,0.58809,1.9563,2.787,2.5957,2.8933,1.5375,0.99942,3.6593,0.61825,3.2658,1.0
0.09883,0.23418,0.4297,1.6312,3.5541,2.2711,0.37425,2.1786,1.314,1.0632,1.0269,2.1884,1.0
0.23076,0.15615,3.8302,3.4968,0.18482,2.0489,0.61292,0.56106,3.9129,0.032726,3.1984,0.16543,1.0
0.024747,-0.26181,3.6039,0.99051,1.1687,0.24167,3.6203,2.6526,0.98103,2.9115,0.93501,1.1192,1.0
-0.30015,-0.73134,3.2064,0.06788,3.815,3.1113,2.2949,1.8804,1.5709,3.2389,1.4798,0.21096,1.0
-0.2217,-0.24225,0.35379,0.38978,3.0439,0.12003,2.7294,1.7539,0.10591,1.5064,1.2697,1.4063,1.0
0.23997,-0.40747,0.10072,3.2336,0.22308,2.7215,0.31298,3.1174,3.1018,1.2786,3.5428,0.56144,1.0
-0.033484,0.231,3.3391,3.9263,0.1137,3.571,1.4083,0.43705,1.7777,3.5733,0.11173,1.4393,1.0
0.10453,0.48859,0.5894,1.9818,3.7083,1.4841,1.4133,2.779,0.46762,1.8706,2.5207,0.8086,1.0
0.28857,0.087823,3.7019,1.718,1.4824,2.4945,0.46026,0.2424,3.9883,3.6882,0.92935,1.165,1.0
0.20956,-0.12341,3.7339,2.7844,0.063335,2.7707,1.9698,2.3269,2.716,2.6892,2.8519,2.9988,1.0
-0.45694,,0.42844,,2.0145,,1.7331,1.4967,1.7685,0.49874,0.30355,3.1599,1.0
0.25472,-0.16434,3.5104,0.30504,3.7966,2.5297,0.92919,1.4364,0.61094,1.8226,3.8813,3.9766,1.0
-0.15641,0.2102,1.6253,1.8427,3.7298,2.7611,0.79757,2.8697,1.2453,1.3487,1.6165,3.5076,1.0
0.17697,-0.0088032,0.5566,1.5367,0.21483,3.2105,1.0285,2.7916,2.1356,3.2201,3.3227,0.82683,1.0
-0.18541,0.56405,3.1869,0.96389,3.6582,1.5031,0.37588,3.1798,1.7262,2.1047,1.1434,0.84116,1.0
0.097606,-0.26008,0.53163,3.0418,2.015,0.1915,1.0784,2.3398,3.5655,0.39046,0.059999,3.7705,1.0
-0.38679,-0.80868,1.9528,3.8602,0.76616,0.412,0.7858,1.8202,0.6096,1.8182,2.3042,2.6676,1.0
0.46308,0.042845,3.0349,0.3797,2.4753,2.162,1.67,0.75551,2.0321,3.8474,0.23025,0.35925,1.0
-0.44076,-0.30824,3.8267,3.1192,3.5013,3.3973,0.071913,0.66252,2.9013,1.789,2.4179,1.9561,1.0
-0.44202,0.15843,3.7693,0.75455,1.6795,2.1299,0.76782,3.5097,2.9096,0.63456,2.4687,0.61783,1.0
-0.31664,0.044908,1.2882,0.037946,3.7217,3.6344,1.0617,1.7118,3.2271,2.3329,3.1309,3.5021,1.0
-0.014715,,,,,0.35862,2.3864,,2.7682,3.8183,,3.5393,
0.25996,-0.55105,2.5071,0.5653,3.3776,3.4558,0.46596,2.0015,2.1682,3.3888,1.896,2.6371,1.0
-0.00039973,0.13627,2.5787,2.131,3.042,3.4298,0.61498,2.2193,0.52615,0.34503,1.3269,0.108,1.0
0.079026,0.20835,2.4451,2.231,2.5958,3.5316,1.6838,1.7048,1.7822,3.4297,1.1219,3.8322,1.0
-0.29451,-0.39038,0.19156,2.7738,3.7172,0.29744,0.17641,3.1747,1.9664,3.7708,3.4014,2.5838,1.0
-0.10585,0.31832,2.7072,3.5055,2.7943,1.3686,1.9108,1.6728,2.7955,3.9652,0.84533,0.36002,1.0
0.15037,0.66558,3.8638,0.078538,0.91324,0.91285,3.8045,0.87717,2.1096,3.2422,0.54076,1.128,1.0
0.67588,0.05985,3.6964,2.7464,2.8136,3.3776,3.5662,2.604,0.90331,0.99191,2.2511,3.0678,1.0
-0.17326,0.31212,,3.9457,0.95213,0.53638,3.6447,3.7233,1.905,1.0653,2.7478,0.78361,1.0
-0.47634,0.057704,1.2879,3.943,2.1613,3.5252,0.86025,0.80061,0.17432,0.42199,1.4506,0.099718,1.0
,,,1.8243,1.509,0.77469,,3.1758,3.254,1.1586,2.7477,,1.0
0.14931,0.17141,2.9934,1.392,2.5315,3.3865,0.059815,1.5635,0.79929,0.64534,1.3783,1.396,1.0
0.31573,-0.15325,1.2706,3.9317,3.9504,0.83192,3.1357,2.0074,2.0926,2.9388,3.3166,2.7581,1.0
0.39418,-0.10149,0.11812,1.9435,3.1077,2.6822,0.03388,3.6534,2.9136,1.7709,2.6437,0.38243,1.0
0.33323,0.14534,2.9188,1.2604,2.8675,0.86578,3.0445,1.622,0.23299,2.9661,1.4213,1.9969,1.0
0.092042,0.2365,2.731,1.5255,3.3705,0.25899,1.3249,2.5587,1.6841,3.9967,0.32646,0.5279,1.0
0.36778,-0.49681,2.0579,0.072042,1.0477,1.7165,0.41819,1.6025,0.31833,3.2988,2.4027,2.5074,1.0
0.21659,0.48786,3.2319,2.0145,1.8451,1.2123,3.6352,0.71857,2.0541,2.3075,3.5888,2.1754,1.0
0.11898,0.20802,3.5814,0.50797,1.4517,2.3423,3.0889,3.4655,2.2639,1.9705,3.8118,2.4152,1.0
0.29037,-0.071633,3.9697,1.2207,2.468,0.98314,0.49721,3.5568,1.1746,0.93473,1.7238,3.2182,1.0
-0.2843,0.28942,1.6181,,,,3.8387,2.0364,,0.61492,3.6869,2.0896,1.0
,-0.28917,0.95248,,2.5306,0.89208,1.3596,,,2.8726,,0.40419,1.0
0.0076565,0.016247,0.54794,3.0909,3.1162,0.0016742,2.4332,3.7098,2.6536,2.4023,3.7417,2.7136,1.0
-0.13093,0.26328,1.732,2.6472,3.5522,0.01171,2.3024,0.80293,3.8481,2.0566,0.0020328,3.2742,1.0
-0.21376,-0.1083,3.3609,1.5919,2.7154,3.7028,3.944,2.6865,3.5515,3.3662,1.7295,1.5041,1.0
0.34372,-0.074314,2.7344,2.0042,0.85758,0.15877,3.9463,1.8813,3.7137,1.1347,2.4208,0.00028812,1.0
-0.12233,-0.26408,1.2149,2.4502,0.78697,2.1483,1.8376,3.37,2.8508,2.0039,3.1607,0.065141,1.0
0.21945,0.086218,1.4886,0.53229,1.6424,0.76646,1.5049,0.10182,0.33318,0.42747,3.8933,1.0381,1.0
-0.52494,-0.087675,0.71223,1.1334,3.0679,0.6546,0.12718,1.8055,1.0176,1.3117,3.3875,3.7711,1.0
0.25364,-0.058027,1.435,3.3496,3.1468,2.789,2.8765,1.6756,1.3923,2.6269,3.9909,1.6034,1.0
-0.17143,0.51459,1.023,3.4637,2.3984,2.6749,1.0075,0.18771,3.5863,3.5071,2.5892,0.59978,1.0
-0.67822,0.15101,1.5365,0.21904,0.64024,3.1376,1.6271,3.7039,2.8757,3.0484,0.62586,1.2199,1.0
-0.18545,-0.16944,0.78485,1.9727,0.75044,2.0882,3.303,3.8529,1.0436,3.2474,0.11098,0.66276,1.0
-0.080038,0.14262,1.7905,3.3206,3.4365,3.1833,2.2677,0.94643,0.5129,1.9133,3.7896,1.4966,1.0
0.30972,-0.57977,0.33038,3.6739,2.0612,2.3123,2.3046,1.4893,3.0367,1.1393,0.41676,2.6569,1.0
0.12358,-0.54351,1.0453,,1.8759,2.0613,1.2167,2.638,3.2192,1.8138,2.2445,2.9266,1.0
-0.15888,-0.18644,1.8904,3.9151,0.021103,1.5555,1.1581,1.2234,1.056,1.1494,3.0613,0.53988,1.0
0.055907,-0.29952,1.731,2.2859,3.0304,2.3207,1.0856,3.7257,3.1999,1.4295,2.1587,0.99371,1.0
-0.076419,-0.13571,0.081792,0.25503,2.0547,1.9717,2.8378,0.75167,1.7181,2.4524,1.8878,3.9055,1.0
-0.020851,0.25439,0.63392,0.34574,1.7676,2.2357,0.96155,2.8496,3.5526,1.6581,2.8303,2.8154,1.0
0.2494,0.099428,2.6465,3.9072,3.8978,3.4185,2.2399,0.41523,3.1138,3.6855,1.1011,1.7104,1.0
0.20762,-0.55052,2.3399,,1.4013,2.7658,1.3041,1.2493,,1.2843,1.8794,0.57524,1.0
-0.46682,-0.10016,0.72479,3.5767,0.7908,0.18132,1.1127,3.1595,0.83655,3.004,3.4581,1.8342,1.0
,,1.3971,3.6448,1.9144,3.6042,1.0615,0.57788,1.5039,0.82159,2.3533,2.401,1.0
0.29953,-0.22853,2.5087,3.8457,3.5556,1.017,2.0099,1.2585,3.1969,1.2146,3.9469,3.0166,1.0
-0.03186,-0.83706,2.0478,3.1122,2.2393,2.2228,2.2716,3.0654,0.97142,1.0746,3.7626,0.74496,1.0
-0.26886,-0.6574,3.3667,3.7924,0.99647,2.453,0.50444,1.1984,3.1155,2.7726,3.7889,3.2919,1.0
-0.063179,-0.37162,0.40911,2.7163,1.0599,3.2807,0.19547,2.5499,1.1153,0.6674,2.2681,0.91538,1.0
0.06295,0.20793,3.8455,2.8566,2.2535,2.1941,3.2527,2.9072,2.0713,2.1262,0.04891,3.6237,1.0
-0.44621,-0.18868,0.61602,0.55039,3.1726,0.10508,0.80578,2.8421,1.0558,0.80523,1.2485,3.8141,1.0
-0.12337,0.06956,2.9398,,0.084712,3.3501,2.8756,2.6599,,0.62868,3.4911,2.0061,1.0
0.0016901,-0.057642,3.9697,0.4489,2.9477,3.843,2.74,1.3779,1.6636,3.0278,0.6686,1.3285,1.0
,-0.14081,1.879,1.4769,,3.3246,0.65561,,1.2738,3.659,3.4575,,1.0
0.28875,0.44131,1.8565,3.8617,2.8403,1.609,3.387,3.1143,1.202,0.87903,,0.31646,1.0
0.36505,-0.4396,2.4416,1.4496,2.5644,2.0128,1.904,2.7085,1.8533,0.67479,0.43691,0.65455,1.0
0.52432,-0.40916,3.8387,3.7216,2.5912,2.6106,2.8361,0.74029,3.2895,3.1967,3.8952,2.5314,1.0
-0.26181,-0.094738,1.1278,0.38393,3.8349,2.7844,1.1884,1.2202,1.7972,2.4456,0.81745,3.0335,1.0
-0.31434,0.27648,3.7327,0.48772,2.0627,3.1189,0.90759,1.2559,3.831,3.094,2.1711,1.9443,1.0
0.40134,0.34187,1.0206,1.9544,0.051385,3.5137,3.6101,3.993,1.7938,2.2156,0.076306,1.0697,1.0
-0.44351,-0.6075,3.1287,3.69,3.3144,0.92005,2.4803,3.1432,0.27676,1.1745,2.3149,2.4861,1.0
-0.24621,0.16799,1.2322,0.53935,2.5061,3.2014,0.92902,2.8019,0.76457,2.3624,1.7432,3.3599,1.0
0.32049,-0.24681,1.0848,0.57752,2.4335,3.0129,2.4,3.3367,2.2286,0.65483,0.76714,0.79289,1.0
-0.4765,-0.090061,0.5865,1.3333,2.824,3.9293,0.53726,1.4626,3.7883,1.4857,3.722,3.1479,1.0
0.22511,-0.58868,3.9332,1.82,2.1402,0.44437,0.21476,3.3188,2.4601,3.6079,3.2307,2.1536,1.0
0.32093,-0.11935,0.25104,0.033568,0.24456,2.8675,0.82395,3.0667,3.2548,1.6418,2.6698,2.0361,1.0
-0.33274,-0.26774,2.9878,1.6334,2.2225,2.6667,0.91818,2.589,2.2583,3.3204,1.2039,2.2279,1.0
0.25132,-0.23353,1.2123,0.72352,0.26759,0.71192,2.5627,0.1236,2.1514,3.8937,0.2277,1.2761,1.0
-0.53022,0.4331,2.7457,3.4934,3.008,1.4187,0.87874,3.9982,0.036046,2.2442,0.2807,1.6452,1.0
-0.19728,0.34595,2.5784,2.1955,0.14155,1.5592,2.6762,3.1073,1.1551,2.7353,2.6878,3.6178,1.0
-0.007943,0.15895,0.47417,3.4453,3.8345,2.3403,2.6445,1.3098,2.6199,2.1831,2.1808,3.4653,1.0
-0.090212,-0.3659,1.7425,0.21249,1.4953,0.77843,1.2135,0.17114,3.4872,2.9964,1.94,3.6901,1.0
0.10443,-0.37265,1.1209,2.0442,3.9872,0.69251,2.2673,1.8479,2.8517,2.5734,2.2571,2.2549,1.0
0.047451,0.087194,0.51962,0.58318,3.0349,3.6715,2.6141,2.2914,2.9362,0.58359,3.2352,0.7453,1.0
0.26008,-0.5893,2.1764,1.7546,0.33341,1.4182,2.6628,2.1089,3.0154,3.3521,,,
-0.35321,-0.029469,1.3243,1.821,2.051,0.27251,2.0137,1.0212,0.25044,0.52051,0.44882,1.4292,1.0
,,,,,,0.12573,3.2387,,2.7462,,,
,0.10998,0.35022,3.7021,,,,3.0198,,3.7612,,,1.0
0.13783,-0.36337,1.6379,2.8861,0.27542,1.571,3.1474,2.8333,1.398,1.8214,3.4677,3.2038,1.0
0.07661,-0.056019,2.9266,2.5462,3.7006,3.6212,3.2957,3.2841,2.6716,0.44554,3.5151,1.0051,1.0
-0.003514,-0.53953,3.3785,3.7832,0.15742,0.97355,1.5314,1.3322,2.3303,0.24645,3.5647,2.66,1.0
,0.019946,,,,,,1.9543,3.1745,,,,
0.62908,-0.071135,2.7937,2.0877,2.7985,0.064262,1.3221,3.924,0.32049,0.010856,2.8033,1.7283,1.0
-0.37124,-0.52419,1.73,2.589,3.4479,1.8001,2.8098,3.7799,0.30355,2.4271,1.5903,0.38328,1.0
0.072956,-0.060442,0.86908,2.944,0.67344,2.7821,1.5356,,1.9975,,3.12,1.2038,1.0
0.37775,0.029389,2.875,3.484,2.762,2.8238,0.12454,3.9786,0.69975,1.5784,1.1161,2.8788,1.0
0.12884,-0.27026,1.6422,3.4684,3.3939,1.84,1.8266,2.508,0.35339,1.5864,0.50708,1.5342,1.0
-0.8037,0.24169,3.672,0.91546,0.91807,0.39097,1.1177,0.32833,0.84905,1.6774,3.4395,1.7536,1.0
-0.2317,-0.20778,2.5794,1.2042,0.49959,2.597,1.3451,1.7832,2.2095,3.3082,3.9582,0.036368,1.0
-0.1375,-0.56646,1.533,1.6396,0.20473,2.5098,0.20874,1.2242,0.35481,2.9042,2.6171,0.69012,1.0
-0.076193,-0.11477,1.422,0.76932,2.5581,0.59584,2.1599,1.7948,0.30449,3.6209,0.2002,0.3328,1.0
0.38076,-0.29457,0.6697,0.7782,0.31285,0.80828,1.5237,1.0895,3.7596,3.1305,3.3136,2.6205,1.0
0.61089,-0.21671,2.306,0.59857,3.0828,2.6509,3.9938,0.95528,2.0324,1.3076,3.6787,1.7396,1.0
0.1436,-0.45929,2.7652,3.4208,2.2285,1.3178,2.1185,3.8272,3.9334,0.80663,0.34292,2.5699,1.0
0.2783,0.24328,2.4304,3.7227,0.37626,1.1218,3.5458,3.361,2.8765,2.62,3.7049,2.0717,1.0
0.37135,-0.41496,3.7857,3.1183,2.9138,1.646,3.2623,3.5285,2.8526,0.43563,3.5514,0.52649,1.0
-0.15369,-0.041791,3.0296,0.63318,1.6804,3.4142,1.2988,3.7069,1.1757,3.5439,0.97066,1.7172,1.0
,-0.089307,,2.9167,,1.2181,1.0647,,3.7802,2.3492,1.5993,3.9738,1.0
0.041986,0.1583,2.452,0.77402,3.2267,3.0387,1.1112,0.25009,1.623,3.1251,0.41704,1.5226,1.0
0.16201,-0.2975,2.8194,1.8327,3.5591,2.1888,3.0178,3.6311,0.39783,2.3865,3.8253,3.3558,1.0
-0.35748,0.11854,3.4153,3.4216,2.6729,3.1113,3.9157,3.4743,0.16091,0.69797,0.69952,,1.0
0.23551,0.26984,1.9659,0.52703,3.3158,3.1482,2.5698,0.044204,1.5804,0.32185,2.0367,0.7192,1.0
-0.063891,-0.07373,3.4495,2.4555,3.872,3.7753,3.409,0.96381,2.3914,3.315,1.6917,2.8128,1.0
-0.17861,-0.13141,2.7327,2.5536,2.9983,0.45053,3.421,3.7199,0.044035,0.61388,2.5377,1.1914,1.0
0.30782,0.13257,0.48789,3.0081,2.3246,3.4664,2.2354,1.8407,1.2018,0.24594,2.1873,1.693,1.0
0.033536,-0.034628,3.7536,1.0267,3.8099,3.3988,1.0124,1.791,1.39,2.3595,0.51638,2.1351,1.0
-0.099967,0.56434,0.027638,2.1946,0.85932,1.1805,1.5065,0.28613,2.7528,1.8622,1.9807,3.0865,1.0
-0.097441,,,3.7522,0.82396,0.93344,2.1802,2.0116,1.3472,1.8495,2.0014,0.95206,1.0
-0.10469,-0.62129,2.5257,3.8003,3.9415,1.9088,0.17927,1.5231,0.50731,3.6373,1.7101,2.5024,1.0
0.30123,0.2064,,2.4221,2.0658,0.76423,1.3388,1.3966,2.1321,0.63775,2.415,2.872,1.0
-0.53281,0.20002,2.7266,3.2423,0.95277,3.6559,3.2103,0.026287,3.617,3.1759,0.35043,0.87548,1.0
-0.14346,-0.32658,2.2014,1.2604,1.5449,1.2634,1.9743,3.079,1.1309,2.6909,0.86163,1.9571,1.0
-0.58412,-0.19833,3.1318,1.0885,0.85131,0.43494,1.0352,3.883,2.1104,3.676,1.4494,3.5436,1.0
0.29006,0.24129,1.0835,1.715,1.1936,1.7571,1.1387,1.4622,3.1792,2.247,0.92072,3.9983,1.0
-0.42142,-0.29785,0.99787,2.989,2.7522,2.1515,3.2677,1.7393,1.2182,0.80556,0.56096,3.1462,1.0
-0.24842,-0.17425,3.7419,1.8599,2.4905,0.1967,2.3654,3.4836,0.058339,1.0204,2.8716,0.65132,1.0
-0.29636,0.065355,0.59983,3.935,0.41421,2.2057,,0.36247,2.9799,2.4888,1.1361,2.5077,1.0
0.31454,,0.8928,3.3946,,,0.44364,,,1.5041,,,
-0.019315,0.068992,2.278,1.2874,2.4054,1.101,3.9859,2.0955,3.712,1.4358,0.40585,2.3981,1.0
-0.071203,-0.017747,2.6752,0.71439,3.474,1.6737,0.021201,1.3109,0.023141,0.1146,3.7836,2.9944,1.0
-0.17726,0.52217,1.1431,3.4209,3.2627,1.9965,1.0061,1.964,1.8873,3.0695,1.4594,3.4501,1.0
0.25169,0.12953,2.0971,3.4415,1.4997,2.4526,2.6814,2.8366,0.55094,0.94954,2.5403,0.24611,1.0
-0.42039,-0.18779,0.88133,0.42002,1.9319,3.3531,2.4848,0.76376,1.1428,2.6637,3.8637,2.4292,1.0
-0.19944,0.26315,2.2624,3.0421,3.1113,3.5856,1.6879,2.2499,2.1526,2.994,2.1373,1.6603,1.0
0.18082,-0.15029,1.4592,0.55645,0.87596,1.9468,2.5211,2.4707,1.35,2.9138,0.13058,1.6563,1.0
,,,,0.62069,1.0029,,0.60833,,,,,
0.0045926,-0.46501,1.7574,3.1708,0.98761,0.60829,1.7838,3.8103,2.0932,2.9603,0.33556,0.97042,1.0
-0.14284,0.31189,3.7374,0.84717,3.9086,2.4898,1.3128,0.83978,0.74444,2.5781,3.1521,2.0305,1.0
0.52359,0.12308,,,,3.4347,3.19,,3.5218,0.39601,1.6115,3.9122,1.0
0.34043,0.18122,3.3957,3.2138,2.6586,3.563,3.4224,0.92971,0.22246,3.9976,0.52119,1.8315,1.0
0.0044195,-0.12674,0.40602,0.15723,2.6923,0.62833,3.6934,1.8347,2.15,1.6724,2.8345,3.9052,1.0
0.10255,0.22111,3.3001,2.964,2.4545,2.3869,1.1838,3.6189,2.5259,0.30392,2.6462,0.1743,1.0
-0.077681,-0.023603,1.1503,1.3573,0.26655,3.3391,3.6104,2.3459,3.5219,2.965,1.1151,2.2086,1.0
0.9464,0.094387,2.1092,1.6644,1.8437,3.2403,0.38106,0.15927,3.0166,3.9988,1.9741,3.5015,1.0
-0.058467,-0.19962,,,1.404,3.1905,,,1.496,2.1959,2.9675,1.1979,1.0
-0.60434,0.22495,1.8058,3.7882,2.4209,3.5136,2.712,1.0055,3.3875,2.3726,1.8767,0.25178,1.0
-0.17748,-0.022778,1.2077,0.54222,2.4486,1.6057,0.61368,0.85944,1.9742,0.61765,3.5491,2.376,1.0
-0.13631,,2.4642,,1.2169,3.3515,,,,,,0.7629,1.0
-0.47828,0.21754,1.4345,3.4054,3.3563,2.5042,0.42549,2.2133,,2.1843,3.0365,1.183,1.0
0.084135,-0.28859,2.445,0.98729,0.69145,0.82796,0.38584,0.81115,0.46134,1.1377,0.29605,0.94158,1.0
0.41745,-0.3856,3.4126,1.7256,0.022079,1.5057,1.5836,3.9444,1.1507,2.6309,0.043194,2.5232,1.0
-0.15473,-0.30667,3.4155,3.9768,0.86796,2.835,3.9407,0.1138,1.6206,3.9769,2.3421,0.15108,1.0
-0.38873,-0.28123,2.1861,3.7106,2.1396,0.11503,2.2758,2.6023,0.28034,2.0396,3.4281,1.7964,1.0
-0.2208,-0.32746,2.5554,0.17209,1.3699,1.1325,1.1291,0.38891,1.5629,0.82095,2.3189,0.85499,1.0
0.098533,-0.25275,1.2638,2.1909,0.66297,2.4893,2.6745,1.531,3.0598,2.5297,3.813,1.5511,1.0
-0.038534,-0.022259,0.31154,0.0059764,2.4473,0.41313,2.4774,1.2973,3.7394,2.7323,1.3526,0.13464,1.0
-0.58738,-0.22209,0.046819,2.899,1.1395,1.4795,3.6619,0.35834,3.7549,1.8205,1.2667,3.7781,1.0
0.16862,0.28797,2.5491,2.4751,1.2093,2.0046,0.82961,1.0828,1.2404,0.33777,2.9541,1.8374,1.0
0.17485,0.096675,1.9245,1.4893,2.0029,1.2946,0.20396,3.5913,2.5908,3.962,0.59533,3.1621,1.0
-0.54264,0.34044,0.18557,,2.1148,3.582,,2.7081,,0.1574,,,1.0
0.049566,0.1323,2.202,0.22056,0.056646,2.808,0.63889,1.9928,2.5843,2.9653,1.0886,3.0419,1.0
0.22658,0.1928,1.3712,2.8028,0.47238,,2.6842,1.843,0.73382,2.3477,0.60254,3.891,1.0
0.16959,0.17091,0.080839,3.5719,0.55659,3.9802,0.27326,2.2031,3.4,3.8264,2.9881,0.3685,1.0
-0.12642,-0.29007,2.5783,2.9041,3.0483,3.7757,0.11899,1.3227,3.9135,1.5995,0.6666,1.5028,1.0
0.27299,-0.21256,2.1984,2.3421,0.82788,3.1495,3.3665,0.74609,1.2997,2.0546,3.1942,2.0632,1.0
-0.39403,-0.026236,1.6596,3.8088,2.0141,2.4871,3.0157,0.46061,1.0176,3.1734,,0.015831,1.0
-0.59202,-0.051579,3.2188,1.443,0.93502,3.8028,0.39114,2.3436,2.2745,1.5816,0.34731,3.7895,1.0
0.30302,0.25044,0.6343,0.36501,2.6485,0.44435,0.83394,1.4574,2.9318,0.64264,3.931,1.8061,1.0
0.032748,-0.088415,3.0087,1.9477,2.5672,3.5077,0.34779,0.30131,2.5173,2.2778,2.6925,3.9326,1.0
0.20478,-0.31818,1.9495,0.66234,3.3987,3.0723,3.463,1.3224,0.11003,2.3887,1.1451,0.9325,1.0
-0.26827,0.10346,1.6813,1.0293,3.4956,2.7403,0.098354,2.3765,1.1831,3.2834,1.0777,1.4696,1.0
0.48406,0.078291,2.725,0.0069765,3.7873,2.877,1.0063,2.0074,0.48378,3.9735,2.0249,1.0514,1.0
-0.177,0.74596,3.9773,3.053,3.2343,2.4249,2.4625,3.1252,0.5748,1.3704,2.2883,0.052991,1.0
0.19927,0.41762,3.9323,3.0552,0.30683,0.5421,1.8735,3.2936,2.9316,0.0024841,0.76714,0.28151,1.0
-0.33786,0.17658,3.9926,0.062704,1.2,2.2711,2.9534,3.5889,1.8445,0.25219,2.3695,1.5131,1.0
-0.29899,0.32148,2.0796,0.49499,0.42093,1.3853,0.78087,2.2783,2.1346,1.8638,1.7319,2.2395,1.0
-0.27205,-0.074126,2.6586,0.32177,2.8116,2.7131,2.193,0.15999,1.1567,3.9489,0.50846,0.9442,1.0
-0.084448,-0.52584,3.2419,0.31229,1.8108,1.3565,1.8365,3.8299,3.3614,0.15818,0.63834,2.3635,1.0
0.13461,0.33562,0.90905,2.365,1.3984,1.3133,3.8855,3.5976,0.634,1.4663,0.86778,3.574,1.0
0.30534,0.038444,2.6847,1.9845,3.2214,0.85793,1.2968,0.60937,0.091711,0.68012,1.176,2.6039,1.0
,,2.0743,,0.2291,,,2.6647,2.3975,3.4666,,2.0156,1.0
0.17997,0.30204,0.96536,2.5928,0.75311,1.7643,2.2691,0.23069,2.5938,2.5527,1.295,2.5776,1.0
0.17643,0.25431,1.7534,3.363,1.1182,1.8681,1.9325,3.4723,1.9558,3.5483,2.2845,3.037,1.0
,,2.4905,0.068599,,1.0588,,,3.973,,,,1.0
-0.17942,0.26382,2.6531,3.3762,1.6268,3.5606,1.6206,1.2439,2.0524,1.9411,1.3495,2.1927,1.0
-0.024109,-0.1183,2.6126,3.0876,1.2736,0.20163,2.011,0.41349,1.5317,0.27389,3.9885,3.0466,1.0
4.2708,2.8836,3.6787,1.1564,1.7543,1.7966,3.1587,0.21277,2.1844,2.0715,2.8572,0.60592,2.0
3.9355,3.8892,2.4286,2.8025,1.4014,3.5818,0.37307,3.8803,0.29603,1.6247,2.424,3.6621,2.0
4.3248,4.362,0.2279,3.6522,1.8432,3.6449,0.80594,0.37673,3.3316,2.3268,1.4179,2.9452,2.0
6.345,2.5537,1.6611,3.7796,1.6488,0.6392,0.099095,2.6236,1.0156,3.8655,0.77465,3.6345,2.0
3.856,2.2092,1.8921,1.0719,3.7885,2.3374,2.7255,1.4833,0.68087,3.8502,0.8811,2.4355,2.0
3.5991,3.0349,1.1317,0.61744,3.7916,1.7876,2.9414,2.2339,1.8857,3.9936,0.24328,2.5024,2.0
5.3155,3.1263,1.0848,1.4824,1.8417,3.8937,0.59788,3.3976,0.92672,2.0541,3.1332,1.4308,2.0
3.3265,3.7743,2.3328,0.89126,1.4807,3.1084,1.2396,3.1842,1.2192,2.888,0.69682,3.5422,2.0
3.9649,3.7149,2.1415,0.10505,1.3469,3.8239,1.3273,2.893,1.9911,0.58334,0.80836,1.0556,2.0
2.7661,5.0172,1.4365,0.72432,1.9537,0.94794,0.74639,2.285,3.3738,0.74737,0.26871,0.41847,2.0
4.3203,3.8515,2.1928,0.9754,3.4061,0.25484,2.7505,1.5405,3.2952,0.95082,3.1471,1.2992,2.0
4.5149,4.7372,0.36369,3.9885,0.27258,0.91691,2.2585,3.5088,0.22834,3.6785,0.85513,2.1012,2.0
4.5694,3.7332,1.1471,2.6197,2.1049,3.1257,2.1768,2.9862,0.57459,0.32664,0.91027,0.72397,2.0
3.996,2.6908,1.9672,0.47134,1.3152,3.8593,3.7342,0.27047,1.0275,2.7837,2.917,2.164,2.0
4.6118,4.7061,2.2396,3.2991,1.3684,0.89882,0.12567,0.16498,3.5582,0.75473,2.8508,1.1724,2.0
3.5098,3.2644,1.6851,2.9257,2.9241,3.5393,2.6492,3.4066,0.99371,3.2683,0.91607,3.86,2.0
2.2728,,2.0447,,,,3.1007,2.3479,1.4912,,1.5978,1.4043,2.0
3.4427,4.4764,1.5837,2.2289,2.831,0.74866,2.5918,2.644,1.2344,3.2016,2.3492,1.7332,2.0
4.8021,4.5953,0.59486,1.5243,0.6326,2.4836,3.9389,2.3519,1.7027,3.2638,1.9804,3.3802,2.0
5.5039,4.4575,3.5384,1.3894,3.9073,3.4503,3.8201,1.0305,0.50885,1.2682,3.8281,1.3613,2.0
4.9197,3.2514,1.4186,0.34152,2.2392,1.2353,3.003,2.722,3.1083,0.81313,3.5671,2.6065,2.0
3.4428,4.0201,2.3293,0.84867,1.8886,0.68794,0.38718,3.581,0.83258,0.64592,2.8951,2.1096,2.0
4.3487,3.212,2.3535,0.35429,1.5812,2.8966,1.8763,1.5245,3.1638,3.6454,0.36434,0.26988,2.0
2.9115,4.1136,2.5188,3.0381,0.33742,2.3445,0.4166,1.2574,3.4111,2.8291,1.2625,1.2103,2.0
4.6006,3.5433,2.4188,0.27849,1.1055,1.8251,1.4886,0.63098,0.020322,0.48271,0.7226,1.976,2.0
4.413,4.6867,2.8343,2.3431,1.4679,1.8153,0.2791,2.6837,3.2931,2.5615,0.41859,2.6737,2.0
2.4757,3.8026,2.8857,1.1312,3.1887,0.47325,3.647,2.1269,1.134,0.5958,1.1215,3.9852,2.0
3.6889,3.5177,1.65,2.0866,0.0473,0.0022298,2.3996,3.2437,0.43989,0.326,3.9678,2.5416,2.0
5.6368,4.2015,0.74236,3.8971,0.91876,3.6169,3.9252,2.0597,1.6746,2.9791,1.7563,3.0844,2.0
1.9975,2.7102,0.095606,2.7369,2.7483,0.63527,3.651,0.75434,0.64181,0.77164,0.81195,1.0342,2.0
3.3439,3.7808,1.6234,1.6059,0.14672,3.3843,2.0015,3.1141,0.22213,0.0028296,2.9646,0.79554,2.0
2.428,2.8243,3.4637,0.41909,3.1454,1.9068,0.18938,3.6198,3.0617,0.086527,3.9047,0.95452,2.0
2.9489,3.4664,3.4995,1.6595,2.6439,1.2642,2.7763,2.2548,3.4434,1.6088,2.0176,2.0768,2.0
2.3462,5.0827,3.2247,2.1908,3.0204,0.50669,0.29613,2.3991,3.1681,2.3644,3.8323,2.4748,2.0
4.3694,4.2313,2.1856,0.9254,2.0706,2.6897,2.1294,2.4796,1.1887,0.18853,3.6964,0.39953,2.0
3.0638,3.5539,2.7588,0.024118,3.9613,3.6604,2.5252,2.6021,3.4544,0.01267,2.0571,1.625,2.0
4.0983,4.3912,2.7159,2.1645,0.71173,1.3698,3.3867,0.52786,2.929,2.3055,1.4091,3.8847,2.0
4.6303,4.2885,3.2497,3.5196,1.7481,0.81641,2.4947,1.0062,0.24353,1.4022,2.5414,2.6022,2.0
3.6785,3.5934,0.52239,1.5137,2.5223,2.2985,0.3029,2.7635,2.6694,0.64921,1.0989,3.1316,2.0
4.6277,2.7382,0.67886,3.306,2.6945,2.1691,1.199,1.525,0.29039,2.493,1.3578,0.31993,2.0
3.7884,5.7945,2.8068,0.61094,3.67,1.5095,3.5329,2.2369,0.388,2.2042,3.1963,1.9222,2.0
3.712,4.05,1.4061,2.4011,3.6304,0.34472,2.9338,0.78948,2.065,3.3977,0.95171,0.26608,2.0
4.3421,5.6467,2.5191,3.3534,,1.6772,2.3625,3.1391,2.9274,,0.76079,1.7386,2.0
4.9797,3.9529,3.3191,1.2892,2.5489,2.5651,2.5116,2.482,1.1369,0.21609,3.4929,2.1845,2.0
3.6573,5.2362,1.0308,1.6238,1.9244,0.50397,3.0391,0.91858,3.9395,3.9926,0.04287,3.4291,2.0
5.6472,4.5947,3.4673,1.6582,1.15,2.7341,0.98944,0.3566,2.3178,0.17303,3.2509,1.5689,2.0
2.7558,3.9926,3.8043,2.3124,2.8862,3.3256,0.88398,3.9275,3.7494,0.5039,1.8593,3.3175,2.0
1.8753,2.3994,1.8221,0.51453,2.0196,3.42,1.126,2.5885,0.9545,1.8325,1.5853,1.0343,2.0
4.2255,3.2616,1.3048,0.41668,,2.4042,3.11,2.9024,3.3796,3.2093,1.6618,0.20265,2.0
1.6789,3.6493,0.63109,0.57438,3.2095,3.2127,1.6724,2.4591,1.8073,1.615,1.2208,3.6559,2.0
1.1025,4.9826,3.2404,1.759,2.7333,2.9005,0.43345,3.9053,0.24965,3.0191,1.9139,2.8348,2.0
3.8379,4.912,3.2252,1.8874,0.46197,2.8047,1.6572,1.0028,0.30309,1.3592,1.2179,2.7345,2.0
4.1143,4.2747,2.7516,2.7468,3.8306,3.7534,3.6489,1.1243,3.1497,1.3758,1.2105,3.041,2.0
3.581,3.9237,0.89517,1.4373,1.3422,0.75546,2.2556,2.2008,0.4293,2.4485,3.3209,0.12333,2.0
3.6396,4.5143,1.3341,1.2379,1.2732,3.6166,3.1781,3.823,3.9582,3.7624,1.9909,2.4805,2.0
4.4545,3.456,0.20088,0.16463,2.6734,3.6938,1.233,1.0073,1.9972,0.70863,2.4699,2.067,2.0
3.5225,5.0284,0.66457,3.7901,0.58714,2.899,0.38324,2.1528,2.9636,0.47024,2.6956,2.2839,2.0
4.1185,3.2776,1.5689,0.29847,1.112,1.4964,0.31696,2.3314,1.4109,1.8349,0.79113,2.3197,2.0
3.5808,2.5233,3.5727,3.7988,2.6377,2.8087,2.2369,1.9347,0.29242,3.9055,1.6538,0.83987,2.0
3.5155,3.8722,2.6538,0.92984,2.1689,0.73336,1.4365,1.9258,3.2944,3.174,2.3794,3.3081,2.0
5.7519,2.5056,1.3167,0.34188,1.1364,3.7603,3.2213,1.1663,,0.62817,1.5455,1.2734,2.0
5.8812,4.3103,3.2985,2.914,3.9048,0.9105,0.18604,0.72639,0.22595,3.1601,2.441,1.7701,2.0
4.1804,5.2535,0.96872,3.016,2.2983,2.4057,2.5115,0.931,0.23402,2.8688,0.064634,0.73561,2.0
4.7963,2.5974,3.6295,3.5807,2.9088,0.10651,1.3559,1.9534,2.8365,1.2224,2.0672,1.0573,2.0
5.2543,2.3163,1.1659,2.4117,3.5172,3.1232,0.025161,2.658,1.7095,0.5743,2.1618,0.29335,2.0
2.4147,3.7557,2.4928,1.9268,2.6483,1.1961,3.6825,0.16814,2.7926,3.9716,3.7503,2.9981,2.0
1.5797,3.9148,3.227,1.283,2.0872,1.4173,0.76442,3.8021,3.3614,3.0923,3.7577,1.5637,2.0
5.1855,5.165,0.12795,1.8529,1.0191,0.60344,2.3836,1.7828,1.5081,2.0529,1.6703,2.4931,2.0
4.0449,4.3201,3.5173,1.8299,2.6947,1.786,3.2137,1.7216,2.1313,1.5128,1.1728,0.58454,2.0
2.5581,4.4271,3.9542,2.3585,3.4364,3.3955,0.90806,2.9903,2.9877,1.0652,0.024427,1.4887,2.0
4.6905,3.2231,2.5972,2.9381,1.8901,3.6086,3.4494,0.98026,1.5987,2.3873,1.4033,0.59041,2.0
4.7316,3.9836,1.5147,3.9973,3.6501,1.6949,3.5776,2.9714,3.0629,0.43154,2.0054,1.4237,2.0
5.8916,5.06,2.9251,3.3116,0.24998,1.0873,1.0373,1.1385,1.8691,2.7338,0.33981,1.9283,2.0
3.7829,4.6974,3.6799,1.1181,1.9502,2.8203,3.2116,0.24554,3.5288,0.82496,0.7059,2.2654,2.0
3.7911,3.739,1.9815,3.3271,3.6603,2.7145,1.3771,2.4511,1.1003,3.5536,2.5693,2.2794,2.0
2.8612,3.6802,0.72317,2.1128,1.9593,3.1107,0.57196,1.5142,2.8543,2.4744,3.717,3.2052,2.0
1.4146,6.4026,1.8937,,1.9372,1.5823,3.1293,3.275,0.53293,,3.3439,3.2689,2.0
3.2903,4.3811,0.28566,3.028,1.0965,0.10046,3.5241,0.20288,1.3732,3.3977,1.3588,2.0242,2.0
5.1379,3.3776,3.6652,3.4024,0.36435,3.8381,3.3212,3.5309,2.0867,0.55964,0.10842,2.0124,2.0
2.9192,3.5672,2.0472,0.90035,2.6638,1.8915,1.5345,0.32433,1.323,0.9229,0.91973,2.8245,2.0
4.2322,4.1686,1.0183,1.7992,0.50222,3.5392,0.78848,3.3451,2.7791,1.5024,2.5702,2.1457,2.0
2.5177,5.3636,1.6183,3.5498,0.43522,3.47,2.0488,2.7868,3.4363,0.81238,2.1767,3.6264,2.0
5.4495,3.7223,3.8367,0.37017,1.7716,3.4456,1.1112,2.4134,3.6542,2.6695,1.1236,3.7963,2.0
,,2.6284,,2.2124,,,,,,1.4569,,
3.1381,5.6986,3.0772,0.91457,3.8502,1.5036,0.759,0.99121,3.0816,3.3494,2.3857,2.9058,2.0
2.9434,5.0792,0.45818,0.44295,2.286,2.4622,0.51819,2.8169,2.9891,2.8112,3.3295,1.7091,2.0
4.9667,3.5271,1.056,,0.30356,2.6531,,2.1869,,1.1763,2.8697,0.034788,2.0
5.0646,3.0723,3.245,0.12748,1.4499,1.1769,2.2528,3.5263,2.3943,3.012,0.52915,2.1238,2.0
4.913,5.2402,3.0347,0.93478,0.077927,0.41387,2.9131,0.53822,2.7169,3.3426,0.89448,0.85907,2.0
4.0267,3.9744,1.6927,1.9656,1.8556,0.08428,3.0263,3.4753,1.1988,1.0866,0.86702,0.73321,2.0
4.3124,3.8877,2.7586,1.3768,3.8236,0.59435,0.58743,3.9235,2.1618,2.0991,1.0292,3.8142,2.0
4.4679,2.626,2.7505,2.363,3.9103,1.3307,0.48434,1.4799,3.7064,0.039966,3.5602,2.9778,2.0
3.5699,1.3457,0.73106,0.92895,0.5719,0.13522,0.66544,0.77777,2.8218,2.9691,2.9407,0.98161,2.0
5.9548,3.1191,0.048928,3.5603,1.0911,2.9309,1.7537,1.9355,3.085,3.8698,2.0412,0.42442,2.0
3.0662,5.4194,0.11336,2.2699,3.8835,1.7726,1.1876,1.7523,2.3064,3.9044,1.8574,3.9969,2.0
3.2616,3.5062,0.40593,3.3214,3.0877,1.6173,2.1703,0.63837,3.8515,2.654,0.11553,2.6551,2.0
4.0294,3.1454,3.3722,0.67143,2.4234,0.36958,3.6977,3.694,0.12282,1.679,1.6998,1.8782,2.0
4.0815,3.647,0.41412,1.2559,3.3695,3.318,1.0103,1.6796,2.1141,0.033899,1.047,0.26965,2.0
2.9167,4.7003,1.2828,2.3063,2.7144,3.7086,2.3984,2.637,1.0711,1.4518,1.4699,2.0373,2.0
2.722,3.2233,2.9196,0.48668,3.694,3.291,0.96518,1.6782,0.77192,2.7586,0.6776,2.2115,2.0
3.266,1.6124,1.4636,2.6733,3.8989,0.47038,1.3565,3.742,0.69549,1.6185,2.9317,1.2516,2.0
3.6312,3.2738,2.0407,0.72221,0.23231,0.6808,2.6575,2.8496,0.73574,0.94743,1.2595,1.4495,2.0
3.9767,5.1129,1.0354,0.71181,0.10551,3.1778,0.22724,3.8103,1.1834,3.827,2.6257,2.9969,2.0
2.6999,5.3339,2.3083,3.2408,2.8391,1.5169,3.9567,3.6615,1.5102,0.98619,2.6512,3.2068,2.0
3.2932,5.1557,1.8702,0.22991,2.5599,3.5695,3.616,0.73071,2.5371,0.15228,2.1036,2.4028,2.0
3.5251,4.4676,2.9243,2.333,1.8718,2.5137,3.1762,2.6741,1.52,1.0532,2.283,1.1841,2.0
2.9334,4.1794,0.41971,2.8167,2.2287,0.98889,0.33917,0.3861,1.8557,3.2283,3.1017,2.7095,2.0
4.9946,2.9335,3.9189,3.6164,0.37738,3.2744,3.7129,3.9367,3.0229,3.1865,3.75,1.6008,2.0
4.515,4.7104,1.6615,1.1579,3.2796,2.1901,2.2247,2.9748,1.0224,0.50734,3.8525,2.1861,2.0
3.6505,3.2343,3.1794,3.4396,1.4989,0.81056,1.1687,0.85343,2.7263,0.51326,0.055352,2.5834,2.0
5.5856,4.4734,1.7234,1.6398,3.6489,3.4591,0.050245,2.4696,0.16254,0.26088,0.14914,2.7557,2.0
5.1592,2.6311,3.2426,3.992,3.3576,0.88902,1.6732,1.3424,1.8163,3.3199,3.8184,2.6228,2.0
3.8617,3.8812,1.9388,2.4655,2.3716,2.4048,3.9978,2.5304,3.1881,2.3464,1.4939,0.83729,2.0
5.0269,5.2559,2.1559,3.8406,0.38373,0.9857,2.6942,2.063,2.2631,1.3573,2.337,3.8182,2.0
3.7804,3.6909,0.043791,0.15515,0.95328,3.6121,2.1994,3.1477,2.4297,3.0308,2.3037,1.9134,2.0
3.5235,4.4072,2.421,0.72115,0.093191,2.5482,3.0878,2.0104,3.0074,2.7125,1.6499,1.8461,2.0
3.1502,3.9323,0.9187,0.44428,0.61613,0.57774,1.2788,0.65814,2.6972,1.0816,2.1192,1.9246,2.0
5.3366,3.579,2.7603,0.74505,3.5218,0.93551,2.7572,2.0298,2.9266,2.4547,1.4827,0.59915,2.0
5.5455,4.2549,2.068,3.51,0.47584,3.1408,1.4594,3.2913,1.4478,1.9048,3.3562,0.46493,2.0
5.0729,3.4977,0.78539,2.4607,3.4398,3.4839,0.29305,1.7153,3.5812,0.80312,2.312,2.7343,2.0
3.8624,4.5722,3.356,3.031,3.462,2.2154,3.6715,0.63074,3.887,2.354,0.47626,3.4221,2.0
5.3495,3.2995,0.38987,2.1797,3.5818,3.5911,0.41103,2.6996,0.045137,3.4394,2.872,0.57862,2.0
3.8948,3.1943,1.0836,0.78635,0.046755,3.7933,2.9938,1.1065,2.1813,2.9583,0.35001,1.7728,2.0
4.2112,3.5692,1.782,3.0426,3.1844,1.1972,3.1372,1.4991,2.8357,3.3936,1.0715,0.069784,2.0
3.9672,4.9756,2.2954,0.68902,0.72858,1.998,1.4125,1.5872,3.7159,2.0583,0.39928,0.36618,2.0
3.5635,4.4876,0.42937,3.4462,0.12922,1.5747,0.084629,0.52846,0.13631,1.3644,1.5893,2.7206,2.0
4.2788,4.9124,0.44181,3.3261,0.65259,3.7962,0.065689,3.8649,3.6602,0.7248,2.6016,3.7704,2.0
4.2592,6.1727,0.063903,2.9962,2.1927,3.7584,1.356,3.8446,2.3123,0.32732,3.7747,1.8554,2.0
2.9838,3.6405,1.7017,2.8849,3.0736,2.9342,2.8818,0.056041,0.56175,1.8523,0.99927,3.8349,2.0
4.1527,3.4522,1.2019,2.0922,3.118,1.4011,3.6056,2.0375,1.2358,0.36539,1.2418,1.9947,2.0
6.6412,4.854,1.0879,3.6489,1.3963,1.3544,1.8946,0.78035,0.99168,2.3581,2.4522,3.1343,2.0
4.4963,3.8164,2.6229,1.1236,2.833,3.1558,0.22297,3.4121,0.18918,3.3614,2.8087,2.6729,2.0
5.4665,,,0.44295,,3.1775,1.6311,3.4115,0.79446,0.16221,1.1506,1.5,2.0
4.2889,4.7368,3.6422,1.4177,2.4642,1.4064,1.343,2.2972,1.1926,1.5394,0.74837,0.27119,2.0
3.6153,4.8276,1.916,,1.8356,1.337,1.2164,1.2678,3.9583,2.1196,2.114,2.5882,2.0
3.7934,3.876,3.496,2.4237,0.87648,1.6218,1.1859,1.547,3.8936,2.5934,1.1137,1.7735,2.0
2.5784,5.9551,0.33229,1.4395,1.7282,2.2382,3.8857,3.0592,2.0007,0.43702,1.7954,0.60045,2.0
3.2231,3.8611,2.6965,2.3005,2.5575,2.8058,2.3012,2.7217,2.3581,3.031,0.15754,0.28975,2.0
4.835,2.4937,2.9595,2.4775,3.3245,3.3075,0.9495,0.50121,2.9292,1.5762,3.7504,3.0731,2.0
4.5709,3.3696,1.5399,2.8834,2.8349,1.8687,3.6467,2.4793,3.982,0.14126,0.47235,0.71115,2.0
3.8238,4.7904,2.6357,2.2289,0.71909,0.72402,0.15105,2.7507,3.808,0.2503,2.096,0.86113,2.0
6.7719,5.4021,0.07779,1.7981,2.3196,3.8947,2.2281,3.0411,0.018454,0.039963,3.1306,2.2927,2.0
5.7594,3.6433,2.3932,1.3821,3.1116,1.0108,2.6979,0.90854,3.5611,2.3036,1.3021,2.5458,2.0
3.9723,5.7279,1.3377,0.241,3.0362,1.8642,3.7301,0.89718,0.97554,3.0452,2.4755,0.87861,2.0
3.8612,4.142,0.45621,1.7762,1.0025,0.14132,3.9539,0.060064,0.34752,0.34825,0.30224,1.7863,2.0
4.6701,3.4717,2.6719,0.88352,1.3751,0.5345,0.68955,2.3413,3.5901,0.25164,0.15652,2.8367,2.0
3.4682,5.0212,2.1722,2.899,2.9229,0.32367,0.011923,2.9311,3.5963,2.5605,0.29774,0.072921,2.0
5.0867,3.6497,0.70956,2.9715,1.1491,3.1393,0.49283,3.4582,1.0407,3.6195,3.4019,2.2299,2.0
4.2401,2.7896,1.5837,1.0439,1.7756,0.72025,0.65714,0.31538,2.9826,1.6401,3.2404,2.1933,2.0
,,1.9687,0.015716,3.3593,,2.2867,1.7304,1.5935,3.1268,,,2.0
2.807,4.7384,1.7515,3.1428,3.9346,1.1819,2.2697,3.2192,2.7523,2.024,2.8911,1.8091,2.0
4.1549,4.5429,2.5415,3.948,2.4582,0.41329,3.0307,2.0383,0.0093685,1.0496,3.3928,1.3444,2.0
4.3295,3.013,0.61093,2.434,0.7062,3.7691,0.44197,1.62,3.3618,1.5168,0.24649,1.3897,2.0
2.6355,2.801,3.7172,1.4377,0.25638,0.82606,2.9415,1.8628,3.1667,1.8902,2.6538,1.745,2.0
2.7885,1.7729,3.4807,3.8573,2.7428,1.7246,2.1326,1.4743,1.0968,2.8791,3.2918,1.5425,2.0
2.8836,3.1633,1.0624,3.4929,0.91974,0.20184,1.8563,2.2481,3.39,2.3179,0.41743,2.5102,2.0
4.7326,3.4233,2.0362,1.7405,2.658,2.7032,2.3777,2.2094,1.2073,1.8703,0.37492,2.8276,2.0
4.7163,4.9147,1.9618,0.61311,3.3769,0.44265,3.9328,0.7305,0.56951,1.035,2.3903,0.9594,2.0
2.2142,3.8399,0.16614,2.6055,2.9402,1.736,1.4607,2.6916,2.7881,2.5734,2.5775,2.7734,2.0
4.1228,6.0932,1.6186,0.64203,3.598,3.339,1.1018,2.5696,0.82914,0.15318,0.2843,0.78029,2.0
2.3767,3.328,1.5139,1.2781,0.97695,0.38712,1.3118,3.2652,0.7492,0.24255,3.8268,1.7513,2.0
4.0212,2.8856,0.66755,0.59536,3.5345,3.1377,3.5513,1.0599,1.4917,2.9586,0.45372,2.6172,2.0
4.3985,3.7419,3.398,0.6447,0.18252,1.6089,3.1031,3.1967,2.8597,0.087286,0.017239,0.78115,2.0
,4.1822,2.6111,1.0084,1.9716,2.5822,0.9267,1.2458,1.6981,2.5964,2.5231,3.0982,2.0
5.3296,4.1637,2.0751,1.9301,2.3217,2.4428,2.6025,2.8611,1.1953,3.5522,3.4075,0.25908,2.0
3.9318,4.1668,2.884,1.7124,3.7958,0.057846,0.12744,3.653,2.7104,3.5992,1.7845,0.12201,2.0
2.7944,4.43,0.32497,3.5799,2.5266,2.3415,3.9005,2.8142,1.3404,1.1763,3.4968,3.9927,2.0
6.4356,4.5786,3.7107,1.1503,1.8901,1.6857,0.45917,0.34756,3.7925,3.2511,3.2767,2.7751,2.0
5.9172,3.6684,0.13608,1.2004,0.48634,0.14136,0.56956,2.0314,0.4588,2.27,0.70961,3.7935,2.0
4.3838,2.9253,0.90601,2.2592,1.1188,2.637,2.8765,3.1047,3.6533,3.7322,0.45538,3.5517,2.0
3.8037,4.0943,1.9994,3.07,3.0769,3.1147,1.3116,2.013,3.6877,3.194,1.8136,3.8495,2.0
4.9953,5.1409,0.56913,3.6257,3.0032,0.70599,2.7117,0.23414,0.055153,1.1067,3.7305,0.40265,2.0
4.8854,6.1665,1.0086,1.4643,0.072338,3.6803,0.40694,2.672,0.13446,3.9938,2.5944,3.6024,2.0
1.5758,3.8561,3.6326,1.2237,3.3938,1.3059,2.2395,1.6387,2.1255,2.9071,0.12171,2.1198,2.0
3.0848,2.6383,2.1508,2.4153,3.6094,1.1287,0.49109,0.0041929,2.9506,1.1464,3.9789,3.2768,2.0
2.5567,2.385,3.434,1.9569,2.7042,2.8081,1.0036,2.6971,2.7738,2.3662,2.286,3.0028,2.0
3.4802,3.2941,2.093,0.97773,0.16239,3.7553,2.2807,1.8455,2.1853,2.9965,3.2612,3.5527,2.0
5.1072,2.7066,3.3982,3.4896,1.9817,3.3206,0.035532,3.8306,1.3003,1.8009,1.2633,3.2537,2.0
2.4978,3.664,0.95362,2.1253,2.7463,1.82,1.8739,1.5463,2.3155,0.16441,0.45074,0.89105,2.0
3.5561,2.633,0.46329,2.9266,0.14748,1.6223,1.1762,1.0407,3.5894,3.8228,0.23445,0.60683,2.0
4.6734,4.421,2.5887,1.6193,1.0023,3.955,1.0374,0.83232,3.5606,1.9324,3.5156,3.0526,2.0
0.99266,5.6321,0.43026,2.888,1.2658,1.1154,2.0779,2.5386,1.2154,0.33282,0.30615,3.8704,2.0
5.4872,5.2077,1.1422,2.8152,0.66724,1.1998,2.0043,1.4174,1.0575,0.21285,2.0202,3.6208,2.0
1.9014,4.1483,0.39366,1.1895,1.8385,1.7355,0.25823,0.54148,2.6705,2.5235,0.68422,0.77868,2.0
3.884,4.3823,1.1452,0.32232,3.6714,1.7593,1.9393,0.86691,1.2318,1.2195,0.36401,0.60637,2.0
3.7625,3.7678,3.6496,2.4766,0.19606,1.9171,3.2772,2.4244,2.538,2.9609,0.33078,1.8737,2.0
4.137,2.8875,2.0553,1.8735,1.1277,0.75822,2.6387,1.7752,2.2412,2.2517,1.0179,3.6386,2.0
4.684,2.7386,1.0593,3.8114,3.2605,1.9895,0.77661,1.9217,0.39883,2.8499,2.3639,0.76066,2.0
2.4464,3.3226,1.3698,1.3409,3.5725,3.5089,3.8355,3.548,1.5257,2.5827,1.1134,2.6753,2.0
5.2278,4.2335,1.9657,2.7744,3.1611,0.75698,3.8157,0.050397,2.2705,1.2274,0.93262,1.7995,2.0
3.9651,2.2628,3.1674,1.8592,0.090558,0.025712,3.6276,2.314,0.20068,2.1743,0.82295,3.2042,2.0
4.1764,3.6109,1.0272,1.0136,0.31691,0.86521,1.5243,0.26576,1.9199,3.19,1.2673,2.442,2.0
2.811,4.1934,,1.9085,3.6835,2.1714,2.5672,,0.093174,2.7123,3.7634,1.6949,
3.9506,4.41,3.9841,2.4474,2.0566,2.1163,3.2813,1.948,1.7591,3.8956,1.4687,1.8505,2.0
4.3467,4.6142,0.054109,1.7951,0.16987,3.0161,1.6678,0.70488,0.9694,2.641,0.14472,3.7508,2.0
4.1076,6.1465,1.8351,0.34448,3.1625,2.5783,2.8713,1.9842,3.2457,0.98621,1.17,3.6505,2.0
4.4743,3.4166,2.0836,3.8914,2.9125,2.7299,3.3292,2.4874,1.7573,1.8032,3.3979,2.4224,2.0
,4.5557,3.5093,0.79466,0.3816,2.8478,2.6776,2.9279,,1.0078,,3.5176,2.0
1.7453,2.3885,0.60505,0.3588,3.1579,1.9197,2.228,3.9514,0.41734,3.042,2.0509,1.2923,2.0
3.9065,4.9386,0.74072,2.1721,2.8286,1.1359,3.8393,1.6082,3.7476,2.0888,0.85731,3.088,2.0
-2.5135,3.2644,3.7194,0.64956,1.5593,0.47283,3.5788,3.5382,1.494,0.43446,3.695,1.4079,3.0
-1.2289,3.9234,3.1366,0.019096,3.6245,2.1427,0.50371,0.76145,0.64606,2.7452,0.66205,1.2472,3.0
0.752,5.0464,0.6385,,0.50938,2.1885,,2.6672,,,,3.2371,
-2.8292,4.1682,3.7469,2.5226,1.8414,3.2907,1.2135,1.9576,1.4654,3.623,0.016038,2.0996,3.0
-2.3384,5.3215,0.26156,1.5724,2.1091,2.7674,0.50784,1.8795,1.7197,1.9592,1.745,1.4545,3.0
-0.23797,6.0934,1.5221,2.2699,2.4562,2.8323,1.2817,1.5394,1.7062,1.8534,1.5379,2.5564,3.0
-0.57222,4.5948,2.7681,0.33302,0.20713,0.73401,1.4776,0.58977,0.06849,2.6537,3.9682,0.77607,3.0
-1.5602,6.1461,0.1115,2.0037,0.086132,1.286,3.4282,3.2689,1.2302,3.75,1.0518,2.9271,3.0
-2.418,6.1527,3.5494,0.3443,0.44592,0.64713,0.72374,0.44124,1.0811,1.3075,0.82226,1.0515,3.0
-2.787,6.768,3.6663,1.008,2.2212,2.9675,0.39716,3.2621,3.4689,0.09285,0.37909,0.95248,3.0
-3.017,5.611,1.754,0.69211,2.4203,2.2669,0.070536,3.2816,2.8722,3.0923,0.55577,2.0894,3.0
-2.822,5.0461,0.91278,0.13079,3.1362,2.9784,3.1914,1.0728,0.9198,0.33948,3.7178,3.2379,3.0
-1.7195,6.9914,2.4366,3.506,3.819,1.1511,1.0261,0.38722,1.2556,2.1426,3.2375,1.6924,3.0
-1.7139,5.7181,3.7014,0.231,0.77726,0.37611,1.4393,2.2279,3.916,3.1935,3.4836,2.5085,3.0
-0.33532,4.9191,2.5424,1.8704,1.8667,2.3278,3.2341,3.3262,3.7662,2.1901,3.4479,0.72062,3.0
-1.9514,4.5726,0.21927,2.4294,3.6445,0.34078,2.265,2.7079,3.0921,3.2113,0.89724,2.63,3.0
-1.4697,4.7822,3.9687,1.4309,1.6638,3.0999,3.1283,1.0207,3.3246,1.2623,2.7495,1.1874,3.0
-2.6924,4.7471,1.1825,1.7851,1.1921,2.8462,1.9512,1.0938,0.22301,1.586,1.1992,3.957,3.0
-1.8383,4.2107,0.96036,3.1849,1.0294,0.083845,1.7663,1.1072,0.56911,1.8826,3.0762,1.8008,3.0
-3.2437,4.9679,1.5435,3.2551,3.3276,0.83896,1.3518,2.9052,2.0172,1.0561,3.3181,1.4055,3.0
-1.279,5.597,1.0445,1.2119,2.7781,2.7095,0.21913,3.0,2.6972,3.1093,3.1705,2.3398,3.0
-3.4749,4.897,0.89879,0.98742,0.024714,1.8125,2.7694,1.4074,0.70339,1.9764,2.441,3.5344,3.0
-1.8746,3.9661,1.4726,1.5573,2.5486,1.9729,0.070887,3.8149,1.5606,2.5077,0.57349,3.2494,3.0
-0.9682,4.3896,0.69723,0.65722,3.2601,1.4107,1.6857,3.8065,3.6739,2.049,3.6862,2.7311,3.0
-1.6071,5.5055,3.0725,3.0048,2.6453,2.4476,3.5255,2.3997,3.8493,3.3779,1.6926,3.9766,3.0
-1.4076,5.758,2.3348,0.24225,1.3397,1.8275,0.0059219,2.8664,3.0403,3.204,0.51459,0.88216,3.0
-2.4846,5.7592,1.2597,0.36535,3.8366,1.1795,2.0028,3.5872,0.29199,1.9827,0.29355,3.6763,3.0
-4.6926,4.1905,3.6173,3.7596,2.1414,3.351,3.0192,0.45693,1.692,3.4685,2.28,3.5803,3.0
-2.482,4.5051,3.5922,2.3347,2.2666,1.3909,2.702,1.7394,0.7117,1.9884,0.5523,3.5638,3.0
-1.6044,3.7466,1.7391,3.4319,0.46345,3.8807,0.72441,3.3774,1.0401,3.8472,0.48276,1.1307,3.0
-3.5384,4.6113,0.28254,1.5212,2.0357,1.6099,3.9841,2.5188,1.6669,0.29133,1.5203,1.2511,3.0
-2.8196,3.9607,2.5799,1.4415,3.2599,2.0976,3.5658,3.281,0.93042,1.5097,3.9809,2.0645,3.0
-0.34976,3.8308,3.3533,1.1683,2.5291,2.0414,2.784,0.29272,0.68427,2.3637,1.4032,3.7037,3.0
-2.1097,5.7346,3.6149,0.3425,0.52037,2.2904,0.40803,3.9191,1.7387,0.8634,3.6301,2.1367,3.0
-1.9286,3.0119,2.4805,2.5824,2.133,3.5736,3.4867,2.879,0.90013,2.7057,1.8783,2.7183,3.0
-3.5043,4.7296,,3.7328,,,,3.866,3.7896,,,0.44984,3.0
-2.047,5.6319,0.023586,2.1776,0.31198,3.872,3.6243,1.3919,1.5101,3.0196,1.0172,2.4264,3.0
-1.0506,4.9921,3.8803,2.6799,1.7469,1.4131,2.2685,2.3917,1.4373,3.125,0.63837,1.1187,3.0
-3.7669,5.2233,2.1229,3.7004,3.1266,0.73577,1.633,1.9329,3.9646,2.4634,2.2402,0.46134,3.0
-2.3963,5.3376,1.363,2.2987,0.65456,2.2602,0.40255,3.323,1.3036,3.2396,0.77516,3.4929,3.0
-2.3139,8.0188,2.3675,3.6512,2.7714,2.7735,2.1755,0.28559,3.5693,1.1603,0.39387,2.6768,3.0
-1.617,4.3856,3.5652,3.7102,1.7387,2.0785,1.7607,1.8571,1.4798,1.0408,1.2011,0.57659,3.0
-0.65319,5.5932,1.8139,1.1509,3.2796,2.8312,2.5222,0.83372,0.0096298,0.24098,0.92525,3.1208,3.0
-0.28601,3.8285,2.7769,3.7628,2.2176,3.6226,0.85798,2.7951,3.0437,2.8877,2.4235,1.5565,3.0
-1.4779,5.9954,3.6595,3.2583,3.1526,3.5077,2.5592,2.9278,1.7067,1.7842,1.9129,1.2596,3.0
-0.45283,5.734,0.4457,2.1008,1.0716,1.0705,3.8737,0.32186,0.52075,0.49551,3.7158,3.4444,3.0
-2.6145,5.9953,0.89374,3.2783,2.1171,3.6818,2.7889,1.5952,3.408,2.8341,1.7275,3.6608,3.0
-2.2557,4.5993,1.9527,2.7865,2.5969,0.75746,3.5367,3.6901,1.8821,3.9277,2.445,1.0893,3.0
-3.129,4.5733,3.1931,3.498,0.72375,0.95332,3.7073,1.7459,0.051959,1.7567,0.30466,3.4178,3.0
0.23628,5.8887,1.7643,2.2708,0.79238,2.1537,3.781,0.94927,3.756,0.68672,0.10052,0.26498,3.0
-3.867,5.5054,0.67831,2.7137,0.62259,0.53494,2.0715,0.91534,1.5095,0.031841,0.53452,2.537,3.0
-1.5341,6.5565,3.5324,0.11527,3.9434,0.90923,0.71271,1.0855,3.4691,1.1088,0.59181,3.515,3.0
-2.3824,5.8375,0.11498,3.0377,1.0023,1.0261,3.2879,3.2403,3.4915,1.7888,1.9044,0.46705,3.0
-1.5506,7.6459,1.4352,0.70168,1.4905,1.2696,0.19564,1.7757,0.08666,0.16127,1.6434,3.6863,3.0
-3.5816,6.4865,3.4569,2.2395,1.9173,0.53194,0.51663,3.6406,3.4957,0.22826,3.1173,2.4195,3.0
-3.7858,3.6556,2.9408,2.1287,1.2177,0.656,3.7277,1.7811,3.4812,0.17555,2.3571,0.18026,3.0
-1.6966,3.5068,2.624,1.216,2.8457,1.0849,1.1236,1.6564,0.42877,2.6215,0.87708,0.13886,3.0
-0.028812,4.5224,1.9845,2.8003,1.8835,1.3809,3.7764,2.3615,3.837,0.12578,3.5533,0.50754,3.0
-1.5143,3.7152,0.39377,3.8083,2.5068,0.81191,2.7374,1.7756,1.6587,3.4449,3.669,3.4614,3.0
-1.3663,4.7182,1.0516,2.1791,0.83312,0.28608,2.6966,0.29208,3.6686,0.78437,2.5788,2.0963,3.0
-2.7294,6.1544,1.8565,1.0363,1.5664,3.4939,1.5068,1.7934,2.1431,0.92397,1.5547,0.75264,3.0
-1.6663,6.2284,2.0475,0.084351,0.68429,0.6075,3.4724,3.6308,0.99414,0.37467,3.7716,0.33337,3.0
-2.6197,4.3406,2.3859,3.0297,2.3221,3.1771,2.2342,2.0047,3.1276,3.662,2.4478,1.1066,3.0
-2.6796,6.3359,1.8825,0.03147,1.1071,3.7855,1.2135,0.66451,2.4035,0.65142,3.3877,0.40256,3.0
-2.9054,5.59,1.6547,1.062,0.36818,1.4057,3.397,0.76963,0.81454,1.4138,0.71169,3.565,3.0
-2.3481,4.8622,2.0527,2.2002,1.0425,0.2357,3.1382,2.114,1.5052,0.32569,3.6506,3.4607,3.0
-1.1388,5.8122,0.6272,0.55415,3.3488,3.6855,3.8825,3.6568,0.26147,2.3863,0.65024,1.1534,3.0
0.22918,6.3782,0.96945,1.7842,3.0118,3.1086,3.913,0.14321,3.9499,1.5452,0.52505,0.4873,3.0
-1.7252,4.6853,0.78265,0.56738,1.4581,0.99675,2.4131,0.65517,2.0653,1.8845,1.1057,2.9294,3.0
-2.1586,4.9762,2.7999,3.5025,2.3986,2.1268,0.05971,0.62341,3.783,3.9468,1.3854,0.96603,3.0
-3.4194,5.1749,2.1901,2.2005,1.3709,0.29439,1.0277,1.9536,0.8679,0.65501,0.35372,0.27688,3.0
-1.1935,4.6337,0.40556,2.3382,1.7459,3.4064,1.2402,1.5241,2.747,3.779,0.76819,1.4179,3.0
-1.4074,5.48,1.3901,2.1232,1.0329,3.0053,0.90916,3.084,1.8659,1.8482,1.3047,1.6923,3.0
,,3.5353,3.4384,,,2.8903,0.56373,,3.7686,3.0856,1.9856,3.0
-1.1501,6.272,0.46255,2.0287,0.14234,3.3048,2.5966,2.6813,3.3473,1.322,3.6297,2.898,3.0
-0.67089,5.0886,3.4788,2.9451,0.31491,0.13477,3.7183,2.3004,1.1652,3.5558,1.4066,3.6876,3.0
-2.4938,4.2363,2.86,3.4299,1.3578,0.071775,2.176,3.2761,0.46425,0.12722,1.5533,2.7653,3.0
-2.0226,4.9166,0.67076,0.45712,0.83375,2.8596,1.7674,2.4292,1.5301,2.8486,0.63509,3.1852,3.0
-0.50447,4.8988,3.5313,1.733,2.9728,3.6974,2.5609,2.9231,0.85102,3.4245,3.3877,3.349,3.0
-2.2656,4.5582,0.30903,1.1391,1.9929,2.2195,0.88072,2.9751,2.0343,1.1565,0.85236,0.1882,3.0
-1.432,7.591,2.8123,3.4743,0.27406,3.3154,0.19801,2.477,2.0802,2.4819,0.0019996,3.4259,3.0
-2.3997,4.6466,2.678,0.26782,1.5606,1.4272,0.84182,0.99227,3.6761,3.9211,3.8462,1.6122,3.0
-2.0021,5.0604,2.7524,2.4456,1.0354,1.2271,3.4568,0.5793,3.7808,2.0302,3.9045,2.2526,3.0
-4.0306,4.3463,3.9542,1.3773,3.0207,2.6953,0.44337,1.9424,3.8012,3.2463,3.1712,0.050814,3.0
-3.0389,4.9921,0.24133,1.0787,3.5161,0.22467,3.8599,1.5391,1.9858,2.7565,0.73917,3.1415,3.0
-2.0503,4.6303,2.4865,2.2805,3.475,1.3072,1.6147,0.19057,2.3058,0.14657,0.59615,1.9422,3.0
-2.7351,5.0745,,0.52873,0.84998,,0.72948,,,,,,3.0
-3.8954,5.258,1.2189,0.53989,1.7819,1.6443,2.2514,2.5247,2.2758,3.9478,2.4648,2.097,3.0
-1.3907,4.7059,0.58402,3.7401,0.089658,2.0087,1.6495,1.2378,2.4561,1.0385,3.7775,3.1853,3.0
-2.4795,5.2904,3.822,1.3425,3.1062,1.429,3.1536,0.75079,0.60006,0.28706,1.8147,2.6742,3.0
-1.2489,7.691,3.842,0.79048,1.6029,3.9554,0.30813,3.0634,1.2283,0.06375,1.128,3.2583,3.0
-2.9803,6.206,3.4953,0.2863,2.4933,1.8596,0.10896,2.4431,2.9046,1.997,0.047142,3.7585,3.0
-4.2374,5.7875,3.0003,3.6471,3.8942,3.7873,3.3674,2.8799,2.2564,0.85136,0.41353,2.417,3.0
-0.48917,4.0661,1.5196,3.8278,1.5161,0.40094,0.48272,2.3763,0.58293,3.2109,3.4728,1.7613,3.0
-2.4096,5.6856,2.4714,1.4373,2.7874,1.2783,3.8106,2.8912,2.2063,2.278,0.58461,2.9596,3.0
-2.0619,6.1298,2.8416,0.38436,1.8092,1.5773,2.4487,3.6352,2.5009,1.3193,2.8046,1.017,3.0
-2.6721,2.7301,0.23315,,1.7739,,1.0541,,,2.0647,2.5873,,
-2.3649,5.2694,2.2602,1.5346,0.97503,0.64103,2.7859,3.0401,2.6944,1.6536,0.83243,3.1329,3.0
-0.62674,7.6341,2.1802,0.63252,0.67094,0.93269,2.1057,0.35456,1.1755,2.172,1.5343,2.8584,3.0
-0.90345,,3.8957,2.5675,2.5777,0.65534,2.5159,2.7308,0.56852,,3.1752,2.6663,3.0
-2.7158,3.9033,0.47314,0.15363,0.050701,2.2743,2.4826,3.6364,3.8534,0.29936,3.0917,1.4686,3.0
-1.526,6.3465,2.5382,0.2674,0.043469,0.61141,2.8805,0.61672,2.2822,0.1888,3.1268,0.71717,3.0
-2.3911,3.4626,0.5898,2.1559,1.6541,2.6825,0.18073,3.7569,0.81963,1.1002,2.0393,1.7708,3.0
-2.2769,4.5378,0.85741,3.673,1.2939,3.5865,3.2233,3.766,1.0552,2.4685,1.0278,3.2544,3.0
-2.4854,5.3598,0.13799,0.66685,1.3785,2.6994,1.5778,1.7459,0.36308,1.5888,2.3993,0.60301,3.0
-2.517,4.6575,3.0964,0.49844,0.97671,2.6318,0.66005,0.98361,2.7141,2.8274,2.2582,0.082771,3.0
-0.25694,4.8954,1.0307,0.054778,1.6394,1.6562,3.5892,0.28582,3.7659,1.5499,1.4178,3.2345,3.0
-2.1589,5.0985,3.1428,3.0511,0.19241,2.6222,3.5694,3.415,0.6128,0.5024,0.64425,1.4105,3.0
-1.2316,4.4914,2.4388,2.891,3.7928,1.5921,3.3803,2.379,2.6692,1.424,2.0934,0.88457,3.0
,,0.11832,,,2.3421,,,,3.3521,0.61936,3.2445,3.0
-1.3621,3.8899,3.6389,0.99983,2.1359,3.247,1.671,1.408,3.6048,2.876,3.6202,0.41761,3.0
-1.8978,2.9364,1.4961,2.4596,2.0949,2.7274,2.2282,3.4585,2.0367,2.2666,2.802,1.0129,3.0
-2.3944,6.0861,1.6559,0.19445,0.34668,3.8738,2.1756,0.27094,1.5345,1.1187,3.7356,3.221,3.0
-2.1034,3.0453,3.6983,0.45118,0.92696,1.1603,2.8739,0.80423,3.0074,2.3413,2.1049,1.219,
0.1095,4.471,1.8256,1.3926,1.5339,0.062994,1.4912,3.6331,1.8134,1.5566,1.099,2.8082,3.0
-1.8341,6.6197,3.8709,1.8878,1.6989,1.6405,0.96077,0.77044,2.2817,0.69285,0.92236,2.7158,3.0
-2.6463,2.7405,0.78997,0.31813,3.0945,3.4289,2.6752,0.52456,1.2937,0.096987,1.2463,1.1254,3.0
-2.3114,5.1401,3.1415,2.7281,3.4119,3.9313,0.14672,3.1002,1.0737,3.6584,1.4627,0.77972,3.0
-0.22752,5.9947,3.3531,2.1011,3.783,3.2647,1.5423,2.8546,2.9235,3.3849,3.9782,1.0781,3.0
-3.1963,6.7919,3.0869,2.0635,0.47293,0.75778,3.1322,1.8762,0.029074,3.4831,0.61189,0.63741,3.0
-2.1522,4.9232,1.546,3.7616,0.75088,0.15893,1.3739,1.4289,2.5931,3.0094,3.3296,1.0431,3.0
-2.7846,4.7586,3.7933,0.52691,0.43649,2.4237,2.2641,0.54036,0.81811,2.4483,1.095,0.4622,3.0
-3.6064,2.9633,2.1615,2.6031,1.8179,2.9222,1.273,0.44848,2.618,0.8041,3.6508,2.1917,3.0
-1.3453,5.2668,2.1881,3.3887,0.80869,0.1929,3.9723,1.9305,1.1067,1.0284,1.8868,2.6402,3.0
-1.3725,4.204,1.1873,1.3836,1.1333,3.1689,0.1093,3.7036,3.4344,0.038352,3.9445,1.7655,3.0
-1.2408,4.2357,2.9965,0.27259,1.3606,1.5811,1.0902,0.90461,1.565,1.3572,0.34911,1.9566,3.0
-1.168,5.3248,0.47296,0.045922,2.4415,0.23914,2.0093,0.35788,2.9009,2.9976,2.4148,3.8092,3.0
-2.4874,4.841,0.66134,0.02716,2.6267,2.4829,1.4787,2.0283,1.1301,1.1264,0.15333,0.79108,3.0
-1.6545,4.389,3.9658,1.1699,3.9187,0.66076,0.88775,1.2039,1.567,0.015422,1.1754,3.3486,3.0
,,,,1.6948,,,3.0998,,,,1.196,
-4.1639,5.1019,3.0336,1.2076,3.3415,1.0798,3.2171,0.029499,2.2629,2.7658,0.67464,2.5723,3.0
-2.1727,4.125,1.7306,2.3816,0.75788,2.1643,3.1385,1.0045,1.508,1.0888,2.4357,1.9226,3.0
-0.50589,4.2169,0.56602,2.2548,1.5649,3.4149,2.6217,2.6608,0.51764,0.39466,2.0186,0.24506,3.0
-3.4545,5.3872,0.20028,0.87198,2.2484,1.7288,1.4297,0.78423,0.6103,1.5259,3.1426,1.933,3.0
-2.4798,6.2852,3.8633,1.5623,3.8274,2.3121,1.3561,3.9745,2.8295,2.5334,0.5637,2.5525,3.0
-0.35552,4.6338,0.91343,1.3525,0.17687,0.54591,0.2108,3.0247,1.071,1.3641,1.377,1.5406,3.0
0.12615,5.1604,1.5484,2.9835,0.25814,2.3262,3.4514,1.3139,3.3406,2.5238,0.5813,1.048,3.0
-0.47019,4.5216,0.59199,1.476,3.6333,2.6848,0.2954,2.1649,0.68278,2.6126,1.9537,2.4312,3.0
-1.3233,5.0122,2.3249,1.6929,2.7759,3.3478,2.7384,1.9134,2.7084,3.6667,1.8794,1.6677,3.0
-2.4299,4.0059,1.7312,2.2857,3.4172,2.5376,2.2943,0.86708,0.97216,2.8728,3.3622,1.457,3.0
-1.3895,4.1013,0.41216,2.3525,3.0895,0.84726,1.7238,3.174,2.5895,0.45176,2.1304,0.20032,3.0
-2.5969,4.6102,0.020547,0.11498,3.8322,3.6268,1.9448,2.5529,1.337,2.7401,3.2693,2.0193,3.0
-0.88709,6.3997,1.5775,0.36452,1.5306,1.6206,2.7141,3.0583,1.8468,0.95133,3.0181,2.4815,3.0
-1.7951,4.2291,3.524,2.0041,1.6843,3.5545,0.81285,2.9592,2.8261,3.5128,0.15611,3.7868,3.0
-2.9267,4.5305,1.1718,3.673,1.0432,2.3002,1.4731,0.50866,1.4266,2.5183,0.41747,2.9859,3.0
-1.8891,6.4094,2.75,,1.9899,0.066838,3.0396,2.7361,1.2303,0.22617,1.1604,3.5411,3.0
-1.1069,3.9732,2.9527,2.6118,0.038288,2.1616,0.42001,2.9891,2.9633,2.7986,2.1788,1.8015,3.0
-0.40947,5.5874,3.6143,0.26081,3.5151,3.4106,2.5565,1.4323,3.1358,1.722,0.48612,2.3093,3.0
-3.4237,4.1789,2.8835,0.06535,1.3196,0.89033,3.0222,0.76246,2.1425,0.93844,2.4227,2.4898,3.0
,4.9405,2.5755,2.0804,,,,2.2976,0.85547,,2.6403,0.95759,3.0
-1.666,5.218,2.7095,2.6094,1.1284,2.8499,2.6737,1.0494,1.534,2.3655,1.4424,0.52069,3.0
-1.1956,5.6499,2.9277,1.5766,3.8003,1.3349,2.3691,1.5669,2.4052,3.0222,1.0662,1.014,3.0
-1.7263,4.8184,3.5945,1.5225,2.5655,0.20314,2.9613,1.2842,3.2346,1.3079,3.5557,0.92925,3.0
-2.3729,4.3323,3.7351,1.4784,1.1164,1.8374,1.8563,1.0806,0.38027,2.93,1.5005,1.0007,3.0
1.6563,4.7801,1.7643,3.0125,1.2289,3.4624,0.57432,0.018789,3.0709,0.1175,2.6975,0.82029,3.0
-3.7436,6.1788,1.4045,2.4476,1.7713,3.1034,1.2749,1.2514,3.4937,0.43432,1.2953,3.1563,3.0
-0.27461,6.9132,3.7235,0.95661,3.5664,1.3681,3.3914,2.6444,3.3239,3.5133,3.2369,1.86,3.0
-2.1577,5.3255,3.8159,3.701,,2.9928,2.6313,2.0277,3.6684,1.3137,0.3567,0.31924,3.0
-3.2322,6.1197,0.27456,1.5275,1.4982,2.4992,1.5558,3.5125,1.6367,3.9262,1.363,0.2258,3.0
-2.4011,4.1704,1.3671,1.4938,3.1019,2.9124,3.6681,0.30444,3.5339,2.3687,2.0033,2.5937,3.0
-0.92338,5.2871,0.055054,1.3191,2.6297,2.6805,2.1104,3.8576,1.9106,1.038,0.52716,0.47563,3.0
-1.1144,6.1482,1.5844,3.6151,0.024043,1.9407,0.63562,0.53165,0.12528,1.4092,3.8624,1.9936,3.0
-3.9429,5.0861,2.4203,1.8645,0.35029,2.296,2.7721,2.3878,3.8311,1.9496,1.6343,2.4752,3.0
-1.1867,4.6163,0.58442,2.0328,0.99901,3.2015,3.1336,1.5146,2.2116,1.1067,3.8849,0.9079,3.0
-1.5719,3.7752,1.6249,3.1789,1.0465,1.7985,3.3858,1.5925,1.1363,3.2083,2.5484,3.849,3.0
-0.94766,6.7484,0.30211,0.5404,0.44984,1.1041,1.8292,3.153,1.5964,1.0637,1.8425,3.0,3.0
-0.31569,5.2119,2.4629,0.81998,1.9791,2.9034,0.35584,2.1533,1.2796,0.76142,1.0062,1.5535,3.0
-4.4421,5.7812,1.3297,0.7607,1.8849,1.5883,0.5425,1.8136,3.1361,2.9729,0.71185,1.1759,3.0
-0.70816,6.6713,0.34051,0.0075644,2.1445,1.5554,2.2853,0.05692,0.022706,2.7181,2.3561,3.5929,3.0
-2.7192,4.8364,3.0046,3.4311,3.737,2.4237,2.4942,1.273,2.9393,2.8036,0.63807,1.544,3.0
-2.7545,,,,0.24836,,,,,,,0.048301,3.0
-2.8791,4.9238,0.92575,0.034738,0.33723,2.7633,1.6629,1.6077,2.6636,1.5412,2.5527,0.5345,3.0
-1.7819,3.3299,1.2584,3.3619,3.2079,1.856,0.55494,0.91996,3.3458,2.5417,2.8028,2.5298,3.0
-2.3516,4.0273,0.64739,3.0802,2.0373,3.0764,1.2404,2.7337,0.33745,0.61201,1.7917,2.2064,3.0
-1.6316,5.1543,0.16923,3.4286,1.5592,1.3398,2.8494,1.458,2.7802,0.65303,1.1009,1.0111,3.0
-2.7793,4.8208,2.2152,3.7338,0.47487,0.64832,0.8498,0.77065,1.372,3.2452,0.26824,1.5877,3.0
-0.32446,6.6964,2.6865,0.060292,2.621,2.3388,2.9352,0.48229,3.0122,3.2915,2.0765,0.69761,3.0
-1.8282,5.7713,3.9502,0.75938,1.0436,0.9864,1.5574,2.6069,0.5253,3.5102,2.2238,3.0502,3.0
-3.1246,5.1673,3.5947,2.7764,2.0818,0.39358,0.084411,1.2483,2.8838,0.4758,3.2349,3.1722,3.0
-1.7915,5.4363,0.59419,3.9092,0.13623,1.6393,2.6033,0.28111,0.1001,2.5647,2.4334,1.9135,3.0
-2.1159,5.3172,0.35373,2.301,3.8506,3.2928,2.5374,2.5998,1.6185,2.2497,2.0291,0.34249,3.0
-0.92224,5.2612,1.4104,2.2495,3.7294,0.65596,2.8737,3.3956,3.4326,3.428,2.1684,2.4727,3.0
-2.6829,4.9629,3.4026,3.7671,2.091,0.82271,3.2065,0.40532,3.2859,2.9907,1.8148,3.8862,3.0
-1.0741,4.1013,2.813,2.7454,2.5098,0.39018,2.7235,1.3694,1.3342,0.12338,1.0851,2.0044,3.0
-1.4982,5.7766,0.65238,1.3246,3.3823,3.0805,1.1079,0.84652,2.6083,3.4142,3.3167,1.9032,3.0
-0.21457,5.2435,0.79155,1.3602,3.5018,3.9389,2.6178,0.36482,1.5622,1.8749,1.8914,3.997,3.0
-2.067,3.8722,3.7502,3.7375,0.21669,1.7656,3.0591,1.0105,1.7683,1.9435,2.5743,2.8683,3.0
-0.63269,4.279,1.0495,1.23,0.28508,0.52251,1.1679,0.8281,2.4046,2.0632,2.3868,1.8791,3.0
-2.2139,4.7083,0.16302,0.15505,0.78162,0.98,3.274,2.4642,3.9555,1.5538,0.5438,0.076043,3.0
-1.1024,4.0849,2.5953,2.2711,2.1666,3.4655,0.31089,3.5674,0.29824,1.5372,0.99446,2.0611,3.0
-3.2476,5.2103,1.5469,2.6034,2.1852,,3.6355,2.8656,1.4252,0.8192,1.3153,2.7892,3.0
-2.463,5.0891,2.8182,2.9548,1.0475,0.24136,3.9907,3.4609,0.82428,0.43503,0.21952,0.29894,3.0
-1.9583,3.9632,0.27687,3.8255,0.8375,1.0401,1.6752,3.353,1.6128,2.8602,2.8823,0.32779,3.0
,,3.7241,,,1.7879,1.0636,,1.4448,,3.1657,2.4942,
-2.8288,2.9981,1.0197,3.0364,1.6244,2.7006,1.0399,1.325,3.1471,3.9907,3.913,1.6522,3.0
-2.4591,4.5339,2.69,1.1253,2.062,1.0459,1.3605,0.22501,2.1815,0.30369,0.39675,1.6748,3.0
-3.1798,5.8343,1.0097,3.6076,2.8423,2.7847,3.1543,2.6906,2.8389,1.5693,2.7964,2.1606,3.0
0.69122,6.675,3.7778,2.6824,3.9659,2.2222,2.5461,0.95232,2.0999,1.3282,0.54326,0.29927,3.0
-2.7639,3.9497,1.3054,1.1662,0.62382,0.172,2.9889,1.8997,2.3359,2.6146,1.2624,2.2816,3.0
-2.2045,4.3902,3.747,1.2939,1.8976,0.66638,3.6128,0.22033,0.88133,1.9731,1.6516,3.3236,3.0
5.7874,-4.4224,1.0459,2.8671,1.9171,2.3467,3.9999,3.3619,2.7304,0.09327,0.1029,1.1851,4.0
4.3496,-4.9339,,0.73692,1.6957,2.0376,,2.3995,,0.16293,,,4.0
3.0484,-0.15181,2.6025,1.7613,1.9494,3.9975,1.9039,1.1178,2.758,1.6158,2.0035,0.55137,4.0
4.2856,-5.5369,2.5381,1.4581,3.9771,3.9142,1.9109,3.8602,3.9004,1.8766,1.3791,3.3781,4.0
2.4182,-4.2216,1.1926,0.85403,0.32545,3.0591,0.27444,0.35094,2.8229,3.8153,0.031185,3.2965,4.0
2.433,-4.7027,2.6129,2.1342,0.055229,0.93695,1.2189,0.1876,2.3959,1.1559,2.7518,3.0107,4.0
4.5862,-4.1521,3.9169,3.3291,3.9462,2.9476,3.6924,2.4705,0.68522,2.6335,1.4001,3.6672,4.0
2.163,-3.7095,2.8052,1.8912,3.8007,2.6667,2.7447,3.874,3.3721,2.6686,3.9283,1.8056,4.0
3.619,-2.727,1.4156,2.5294,3.1371,2.4889,1.1455,0.50533,1.96,0.039846,3.2662,2.8237,4.0
5.2004,-2.5408,2.9611,0.788,0.29703,3.4218,1.7356,1.4856,1.0384,2.8644,1.7463,2.7054,4.0
3.0772,-4.7477,1.1804,3.9902,1.6704,2.1932,1.4696,1.0947,0.81609,1.887,2.2906,1.6282,4.0
6.3132,-3.8643,1.8806,0.0093503,1.4369,3.6203,2.001,0.51649,3.6691,0.35234,3.8853,3.6384,4.0
5.1622,-4.5533,3.0339,2.4613,3.9468,0.071036,0.63045,1.5439,3.0963,1.8186,3.7402,3.4458,4.0
2.3755,-4.8149,2.1629,3.2979,3.7562,2.3435,1.7903,1.2528,3.2037,1.4782,2.1523,0.93927,4.0
,,,,0.061741,,,,0.51472,3.7826,,2.2584,
2.5201,-2.6233,0.60312,3.5853,1.893,2.9755,0.35508,3.1726,1.3336,0.9834,3.0448,2.0015,4.0
2.8673,-4.1576,0.80324,2.0481,3.5926,0.86368,1.4885,2.495,1.3564,3.1735,3.9147,3.7903,4.0
5.9205,-3.991,3.0573,3.8467,0.57466,0.20385,0.21003,2.2085,0.90245,3.615,1.6768,0.06529,4.0
5.013,-4.7295,1.1889,2.4315,0.9829,1.1273,3.2895,0.94573,3.9863,3.6298,0.73888,1.2385,4.0
6.0308,-3.5083,1.9893,2.6644,0.52586,0.53412,3.2202,0.94892,0.91049,0.9023,3.5492,3.8657,4.0
5.2533,-4.9995,2.5205,3.6858,2.8123,1.8275,3.3722,1.2231,1.0888,1.3365,3.8945,3.3935,4.0
4.2723,-5.7063,1.697,1.7948,1.3202,0.89186,2.6481,0.89456,1.3937,0.067434,3.4156,0.39722,4.0
5.5395,-2.9069,0.77444,2.5332,0.4139,2.2131,3.8442,0.64375,1.4693,1.6703,0.19252,0.16608,4.0
2.2987,-3.5684,0.27327,0.84606,0.88527,0.2846,2.3914,3.5618,2.1632,3.2649,0.80977,3.6365,4.0
4.5167,-3.9484,0.43455,2.2414,3.4007,0.38997,3.5136,3.1046,2.1951,3.3642,3.3221,2.2153,4.0
3.5648,-3.0999,1.7537,0.41444,3.1525,1.2973,0.20973,3.5178,0.42591,0.33623,1.2935,3.3694,4.0
4.0594,-4.1302,1.555,1.1693,0.74268,2.5153,0.092763,3.202,1.9415,3.8792,3.553,1.254,4.0
5.1195,-5.0708,1.0075,2.1761,1.5794,3.0069,0.8209,0.33363,1.5008,0.60459,0.52821,2.0801,4.0
5.6034,-2.7224,2.568,0.72349,1.0385,1.7842,2.3109,0.65198,2.1373,3.104,3.8154,0.78141,4.0
3.509,-6.1991,2.5895,1.1043,2.3951,0.92573,3.085,0.10469,3.0479,2.0097,0.92423,0.052485,4.0
3.0537,-3.8729,2.4886,0.93039,2.6713,2.271,3.4884,1.2897,2.2833,2.9008,0.21591,3.7862,4.0
3.7865,-1.7236,0.12096,2.1953,0.30576,0.85154,0.32343,0.81879,0.64797,3.1261,2.3751,2.1359,4.0
4.7293,-5.3778,0.99518,2.2282,1.5707,1.0873,3.4002,2.1096,0.78604,3.8085,3.6226,0.40178,4.0
3.8545,-3.9935,2.8524,2.4821,0.92625,0.70362,3.7217,0.13565,0.12107,2.4344,3.3153,1.8056,4.0
3.9073,-4.6252,2.9339,0.0026277,3.7847,3.1024,2.1505,0.63026,1.9647,1.2172,3.6985,2.9942,4.0
4.7346,-2.3251,3.5537,0.75113,1.4377,0.32745,0.21062,2.4155,0.46816,3.5817,1.6438,2.1283,4.0
3.3168,-4.0581,2.1557,1.9051,1.1629,2.1949,3.5472,2.3168,2.2146,1.4312,2.2496,3.7138,4.0
4.9023,-3.5349,0.76629,0.072627,0.38378,2.9282,0.6394,2.1614,1.4763,0.47372,2.6469,1.5797,4.0
4.686,-4.3783,3.09,1.8996,2.5798,2.613,3.183,3.8248,1.6551,1.4447,0.63284,0.64063,4.0
3.7571,-4.218,2.4734,0.30636,1.9845,2.6121,1.2292,2.5236,1.2215,1.7465,3.4502,3.386,4.0
5.7945,-1.9591,3.754,1.0028,1.0658,2.7547,2.6099,2.4004,1.4787,2.8261,1.6287,0.655,4.0
2.1649,-3.1344,1.9676,2.3247,2.9315,0.44316,3.4972,0.19181,1.1667,3.578,3.2078,3.4162,4.0
5.4619,-2.2677,1.4172,0.60405,3.7972,1.4314,0.58153,0.90265,3.4945,0.43951,0.73277,3.3726,4.0
3.9715,-4.0493,3.257,1.6408,3.8629,2.4038,3.4774,1.433,2.5723,3.4891,3.9509,1.9379,4.0
2.731,-3.9018,1.2849,3.5721,3.3138,1.3916,3.4491,2.9438,3.0051,0.3493,3.4398,3.0958,4.0
,-3.0881,3.9047,,0.75952,3.2482,,,3.2749,0.86278,3.2953,,4.0
2.8195,-3.487,1.5133,2.171,3.1379,0.46891,2.67,2.8385,3.2402,0.030173,1.6224,1.5989,4.0
6.3974,-4.7229,0.37098,1.8418,1.8389,1.6637,3.7268,1.9826,1.5592,1.5793,0.27452,2.2397,4.0
4.6269,-4.8937,0.084147,0.59758,0.50148,3.1791,1.5721,3.1763,0.17692,2.696,2.4429,2.0691,4.0
2.101,-4.0825,2.117,1.9556,1.5325,3.5069,1.7763,0.82695,0.096538,3.1583,3.9639,1.1689,4.0
3.2479,-3.6262,0.38759,2.2765,0.2697,1.4128,0.86956,3.7674,3.4874,2.0768,1.7466,3.6864,4.0
3.9913,-3.6992,3.6593,1.3658,3.642,3.2603,3.1875,2.6256,3.624,2.2221,0.63434,1.612,4.0
3.5316,-3.6587,2.8943,1.6717,3.9016,0.49265,3.4801,0.97339,1.2676,1.9741,3.5473,3.6375,4.0
4.5126,-2.1824,1.8321,0.70709,2.7923,1.3921,2.9049,1.1179,3.0438,3.7414,0.6548,1.9344,4.0
2.0545,-2.3539,1.0835,3.3391,0.98384,1.8424,0.51624,0.37792,2.5956,3.567,0.0069438,1.6365,4.0
5.0226,,,,2.7018,1.8215,,,,2.3343,,,4.0
2.3934,-4.0804,0.22957,0.74177,0.35963,1.5445,0.37467,3.7242,3.4061,2.0585,3.8961,3.3606,4.0
2.8995,-3.1607,2.2213,2.4445,3.8734,0.24897,0.78061,2.2914,1.1091,1.4017,2.8863,0.76328,4.0
3.2421,-5.8529,2.3792,2.8206,2.6591,1.6829,1.7699,3.6429,0.45799,0.67601,2.8826,3.4657,4.0
6.5469,-3.4976,1.228,0.11328,0.45275,3.9647,1.2741,2.5517,2.4373,2.589,2.1998,2.467,4.0
3.5636,-5.0388,1.4639,2.0835,0.33106,3.2342,2.5769,3.8885,0.62474,0.60337,2.4081,1.769,4.0
5.3453,-5.2808,3.9748,1.0365,0.14342,2.1987,2.9651,2.5494,0.21311,0.52967,0.42424,2.6158,4.0
2.9875,-4.5663,2.4687,2.0329,2.2879,3.227,1.3312,3.2033,1.5021,0.41544,2.7545,0.47375,4.0
3.898,-2.1979,3.2668,3.893,3.3585,1.8225,3.2687,3.5174,3.7431,3.2825,3.3022,2.8481,4.0
5.5738,-2.4219,2.4034,3.2729,3.0734,2.3488,1.0118,3.8272,0.81323,0.42779,3.152,0.41176,4.0
3.4715,,0.2169,3.435,3.9985,,2.4547,1.2423,1.7185,,0.40107,2.2688,4.0
4.7879,-1.9998,0.238,3.5865,2.4204,2.9347,3.4262,2.4177,2.0137,3.0312,3.662,2.9493,4.0
4.8188,-3.3406,1.7372,1.198,1.4689,1.8669,0.71626,1.0969,0.80116,3.4718,1.4479,3.6759,4.0
4.4998,-4.648,2.7486,3.5201,0.067641,2.4657,2.0181,0.29217,2.5102,0.30688,1.2987,3.5185,4.0
3.0307,-3.9353,2.6934,1.0209,0.94178,0.51633,2.8461,0.58095,0.074892,2.2664,3.8266,1.481,4.0
3.6759,-4.0693,1.4369,0.76859,2.7171,3.587,0.92328,1.3021,3.2714,1.3838,0.36328,2.8362,4.0
4.603,-4.105,1.9653,0.74647,1.716,0.66613,3.2315,2.2085,1.3511,0.68603,3.0153,1.5231,4.0
3.6258,-2.6721,0.69217,3.4444,0.66513,,,0.71062,0.70855,3.3111,1.5028,1.7804,
3.5911,-3.8109,0.44775,1.7784,2.171,2.5133,3.9138,2.2236,1.0911,2.3696,0.35484,0.92796,4.0
5.9488,-5.6938,2.2973,1.5464,2.3544,1.9769,3.5533,2.6587,2.7113,3.2604,3.9179,2.3356,4.0
4.7222,-2.0938,1.4861,3.328,3.2464,1.8443,3.0554,2.1751,1.7904,1.3659,2.7087,0.056937,4.0
,-3.4273,,,,,,,,,,1.6342,4.0
3.0665,-2.4643,0.38161,3.5912,3.6739,0.35232,1.3047,0.3242,1.1349,0.46538,3.8505,1.5335,4.0
4.5487,-3.5877,3.9399,1.838,3.4539,3.6298,2.8925,0.10875,2.2321,2.3661,2.5249,0.57461,4.0
2.3186,-3.7612,1.6927,0.6538,2.0873,1.5943,1.8528,2.6287,1.1914,2.5814,0.11396,2.9594,4.0
4.7711,-2.2559,3.0623,1.075,2.1157,0.097805,2.9599,0.68247,3.7802,0.242,1.983,1.2992,4.0
4.6502,-5.6055,2.9811,2.0828,2.7183,1.8675,2.245,1.9457,3.0252,3.2531,0.73491,1.5318,4.0
4.1924,-4.7305,3.4646,3.0895,2.7267,3.4332,1.6463,2.3491,2.3042,3.8344,2.4575,3.9562,4.0
5.5615,-3.5152,3.2376,1.5496,0.75625,3.4543,0.2417,1.256,1.744,3.0348,1.5136,2.492,4.0
3.207,,,,,,,1.4328,,,,,4.0
5.8171,-3.6294,1.0247,3.9474,2.4678,,2.0627,3.8915,2.4873,2.3718,3.3886,0.92925,4.0
3.9747,-3.4266,3.5322,2.0921,3.7037,0.94727,2.0702,0.46212,1.4468,1.4912,3.0054,3.8625,4.0
3.4877,-4.2049,3.3916,3.3747,0.6646,3.8821,2.0251,3.5816,0.23433,0.59224,1.5019,0.57925,4.0
5.6375,-4.3285,0.083113,3.5674,3.4565,0.58417,1.6893,3.378,2.995,1.1673,2.7521,1.6041,4.0
2.1239,-5.0191,0.24015,2.7424,1.0971,0.4869,2.6199,0.48631,3.9962,2.5477,0.21068,2.1282,4.0
2.8391,-4.5258,2.7571,2.0714,2.2959,1.2374,2.8835,0.60855,2.3371,1.7972,3.2202,0.40378,4.0
3.9301,-3.4461,,1.7678,0.49922,3.5186,2.6641,3.0093,0.81812,,2.9007,2.3231,
5.318,-3.6188,0.083714,1.5206,2.0706,1.1198,1.9745,0.70693,3.0663,2.7746,0.14256,0.41795,4.0
4.5409,-5.0598,2.3669,0.12738,0.32337,2.4052,0.38448,2.3854,3.9758,2.4151,2.0069,2.3835,4.0
4.4673,-3.587,0.15839,0.86353,1.4811,,3.24,1.8374,1.2985,1.5623,3.7124,1.9124,4.0
3.5701,-4.4511,0.41074,0.34122,2.6964,3.6545,1.5817,3.1216,2.9624,1.8875,0.99198,3.2652,4.0
0.83095,-5.2737,1.4447,3.1875,0.10538,2.4215,1.4884,3.0716,3.0052,1.1558,3.6845,2.2948,4.0
2.3839,-5.3075,0.031733,1.6072,2.6072,0.64892,1.2593,2.2397,2.9409,3.8982,0.60776,0.84249,4.0
4.0741,-4.9971,1.8587,0.19918,3.5707,3.6803,1.6396,3.479,2.698,0.32475,0.9194,1.7242,4.0
4.0016,-3.4917,0.46702,1.266,1.8009,0.42758,2.0615,0.88471,3.9611,1.712,3.3436,1.7312,4.0
5.1382,-5.4964,,,,,,3.2382,1.7596,,3.1297,3.4849,
4.5281,,,3.7256,3.0019,2.5583,,,,3.4113,,,4.0
4.8147,-4.1457,2.2368,1.7029,1.7927,1.06,0.11441,2.2991,3.4771,3.5356,3.3915,1.5866,4.0
4.406,-6.3105,2.2689,3.4646,2.4266,0.039857,0.55513,1.535,0.25675,0.90501,0.51856,0.66585,4.0
3.6457,-4.7044,1.8665,1.9226,2.801,3.4104,0.47537,2.6024,0.7451,1.9154,0.64588,2.1673,4.0
4.462,-1.9846,1.4831,3.6334,0.93388,1.2329,2.044,2.1887,0.022228,2.5545,0.80674,0.081018,4.0
4.6325,-3.8134,0.14019,1.0021,1.8163,3.6341,3.7556,1.5316,3.4605,1.6248,2.1286,0.48136,4.0
3.594,-3.4748,3.4594,2.1066,0.1909,1.8334,1.4267,0.61101,2.2419,0.3638,3.5099,2.5365,4.0
4.2875,-2.5847,3.8428,0.97932,2.4453,1.3146,3.7688,0.90731,0.35778,2.8056,2.3514,1.9391,4.0
4.8901,-6.9529,3.6399,3.3538,0.06836,3.9651,1.2185,1.2591,1.6962,3.1351,1.3034,3.9793,4.0
3.6946,-5.1418,3.0207,2.1029,2.4973,3.2542,0.89965,0.4355,0.20395,2.7403,2.7429,2.6359,4.0
3.1764,-6.0437,1.1432,1.3992,0.77745,1.1802,0.43525,1.398,0.80552,2.798,0.30195,3.8893,4.0
5.9727,-2.3402,1.3196,1.0285,2.0233,3.5035,2.4174,1.4936,0.57751,1.3231,1.1487,3.5228,4.0
3.1987,,1.8833,0.67531,,1.2676,2.2221,,1.8424,2.6932,,,4.0
6.9822,-4.0542,2.2769,2.3969,2.8422,3.8391,2.419,3.7486,3.2048,3.2835,0.69276,0.33343,4.0
4.1413,-4.2477,2.4109,3.244,2.7613,3.7144,3.1707,3.9323,0.44673,3.5369,0.84394,1.7671,4.0
3.186,-4.5915,0.95222,3.3957,2.9042,1.9846,0.083698,3.6593,1.5342,3.1307,3.566,0.0020879,4.0
3.3824,-4.0741,2.3056,3.3791,1.7641,1.967,3.9549,1.0635,3.3724,1.865,3.5119,2.7145,4.0
3.1307,-3.0896,1.4735,0.94001,1.3145,3.9688,0.34751,0.27946,1.7345,3.1522,0.74223,3.0993,4.0
4.3391,-4.2079,1.0865,2.0331,2.1884,1.5795,3.6019,1.3456,3.9651,1.0964,1.207,3.6475,4.0
3.6872,-4.187,3.942,2.6774,3.4335,3.7891,0.95239,3.5375,1.4535,0.26951,1.3972,1.417,4.0
3.5956,-5.3751,2.5917,0.36297,3.6575,0.36561,3.2371,0.032479,3.0841,3.9374,0.70801,2.1753,4.0
3.8503,-3.0823,1.5641,2.172,2.504,1.531,2.4604,0.58944,2.6748,1.8632,0.71961,2.6127,4.0
4.7413,-1.3354,0.46348,1.192,2.0688,2.9221,1.1168,1.1539,0.56096,0.59731,3.1258,0.71014,4.0
4.929,-4.6989,1.2335,1.5274,2.1499,2.9848,2.6036,0.53061,0.38652,1.4908,2.7049,3.9391,4.0
3.2353,-3.3913,0.1656,2.1355,0.64401,0.69363,3.5475,0.16404,3.8963,1.6141,2.1582,0.01093,4.0
2.44,-1.8082,1.521,1.7061,0.55293,1.4478,1.5235,3.6086,0.59335,2.2346,2.4852,0.78308,4.0
2.8204,-2.5678,2.8948,0.92814,2.3818,2.6454,3.4743,3.86,1.4246,3.1792,1.049,1.873,4.0
3.0009,-3.5096,3.1078,0.11368,2.4278,2.5111,3.6516,1.6972,0.68073,1.0652,1.2487,2.2275,4.0
3.3165,-2.4605,0.40192,0.10411,2.5772,2.8989,3.6444,0.61746,3.0937,1.4526,3.4148,1.0164,4.0
2.7226,-5.886,3.6797,1.0972,0.25442,2.6904,3.522,3.9577,3.0144,0.48222,0.23636,3.9799,4.0
3.3488,-3.9153,2.7486,2.7779,0.25381,0.17158,0.86387,2.7944,0.80333,2.0686,1.3455,1.7866,4.0
4.2336,-2.2726,0.45791,1.32,2.4154,1.1991,0.056826,2.7369,3.5462,3.1808,3.77,0.22115,4.0
4.6203,-4.9031,3.0354,3.002,1.633,1.9495,0.36805,1.5856,1.7603,3.6133,0.52096,2.7857,4.0
4.0503,-5.1933,2.9876,3.1826,1.7552,1.3757,2.8775,3.9635,1.7549,0.56217,3.0257,0.95065,4.0
4.6184,-4.8795,3.2709,0.21497,0.31765,0.30224,1.2335,3.6397,2.7355,0.9063,0.26639,1.1988,4.0
3.1189,-4.8899,2.3995,0.036896,1.6307,1.3448,0.8523,0.5845,0.44657,1.2266,3.792,1.0242,4.0
3.3927,-3.7469,2.2715,2.9125,0.4516,0.48981,0.46857,1.7368,2.2153,2.0146,2.6147,0.34858,4.0
3.6186,-4.4615,3.2988,2.6576,3.9884,0.57096,1.4532,1.63,3.8803,0.88221,0.41299,2.2697,4.0
3.1923,-3.6779,3.8633,2.3413,2.8236,1.5057,1.3313,3.7585,2.413,1.4942,1.6011,1.0645,4.0
3.6418,-4.469,0.19181,3.6762,1.8618,3.0345,2.4351,1.575,2.6158,1.5277,2.2808,0.1281,4.0
3.8412,-3.3825,0.64746,0.66935,0.48197,3.4581,0.043647,3.1954,2.6744,2.9445,2.528,2.5603,4.0
2.8639,-4.5115,3.3224,3.8879,3.0031,3.4265,0.35414,0.010756,1.7365,3.2418,1.0791,2.4036,4.0
5.8311,-3.6474,0.041816,0.87843,3.861,0.53214,2.2199,2.0847,2.04,3.0047,2.9604,0.76427,4.0
5.337,-3.5197,2.6305,0.15299,3.4669,3.4529,3.8726,2.8456,0.91992,0.81038,1.495,2.7516,4.0
5.3684,-5.3385,3.4123,0.91585,3.5191,2.3772,3.0578,0.88882,2.2055,0.20801,3.0919,1.2419,4.0
4.9012,,,2.8311,,,,,,,,1.706,
3.1921,-3.7078,2.8869,1.4105,1.1509,3.6719,3.672,3.2143,3.2518,0.043209,3.7759,1.5261,4.0
4.4086,-2.8142,1.5483,2.838,3.4052,0.22376,3.7881,3.5776,3.2637,2.0455,0.39121,2.4987,4.0
4.1186,-2.9424,3.724,2.3548,1.8502,2.8187,1.3293,3.2465,0.8599,0.58181,1.2774,3.1382,4.0
4.4984,-2.1479,1.8885,0.43502,3.9886,1.9919,1.0104,2.6343,2.8083,2.15,0.002444,2.3785,4.0
5.6096,-3.4072,2.098,2.5873,1.1244,1.4632,1.7948,3.949,3.521,3.582,1.9917,2.6063,4.0
3.4121,-2.8034,0.14191,2.9245,1.4327,3.9929,2.9608,,,1.8157,3.8735,2.3577,4.0
5.0741,-4.5919,0.88689,3.4535,2.96,3.82,0.38859,0.80912,3.3692,0.67472,0.096164,0.63661,4.0
4.5665,-2.6902,3.2327,0.09059,2.1865,2.0533,3.1276,0.57827,3.2201,1.5034,1.9997,0.16853,4.0
4.5086,-2.3641,0.44278,0.60481,2.2858,2.6811,1.0827,0.80492,1.4633,1.0705,1.665,0.5481,4.0
3.8493,-4.6109,1.7626,2.1008,0.29541,0.0075618,0.51446,0.39644,2.9281,3.9443,3.3087,1.1307,4.0
2.6943,-4.3207,2.706,0.90626,0.33296,1.9718,3.7966,2.4933,2.2754,3.5958,2.8749,3.0277,4.0
3.5728,-2.127,1.8415,3.3667,0.79006,2.125,3.2748,2.7184,1.2679,2.5226,0.16789,1.6601,4.0
3.101,-3.7123,0.081684,1.7201,3.5872,1.2235,0.50602,1.2794,1.3067,1.2413,3.0583,0.5826,4.0
3.6405,-6.3369,2.7618,1.1976,2.694,3.4394,2.9245,0.72926,1.5888,2.2357,0.73211,2.9361,4.0
5.7836,-1.587,0.90881,2.3087,2.4294,0.26485,0.95644,3.6529,0.40514,3.0968,2.3842,2.678,4.0
2.4377,-4.6238,0.87078,1.379,0.2066,2.1377,0.44653,0.46564,1.0849,0.32867,2.3981,2.5419,4.0
3.2932,-2.136,0.32038,3.428,2.0314,0.025237,0.92317,3.8989,0.12236,2.9113,3.3893,2.1714,4.0
4.9496,-4.314,2.1622,1.1463,1.2038,2.648,3.2698,0.82706,2.6476,1.8106,3.4375,1.0083,4.0
2.7607,-3.4356,2.3765,1.7638,0.96217,2.1553,0.78795,3.6655,3.6258,0.57919,0.61258,0.2956,4.0
5.1863,-2.2193,0.2976,3.0656,3.104,1.7824,3.5131,2.6763,1.5026,0.35145,2.9419,1.5487,4.0
4.6787,-4.0533,0.72882,1.5321,3.5701,3.1365,3.0414,0.8981,1.0313,3.5878,3.4545,3.8187,4.0
5.0488,-6.3415,1.6504,0.95522,0.21228,0.64227,3.5013,0.60451,3.5025,1.8161,3.7976,0.096692,4.0
5.6416,-4.0362,0.6711,1.5756,2.2265,0.61829,0.10783,2.8698,2.9847,3.5549,1.5329,2.3654,4.0
4.9026,-3.8704,3.5296,0.78333,0.60539,3.2494,0.94938,0.39327,1.0661,1.6212,0.37389,3.5375,4.0
2.1322,-3.7601,3.6419,1.7628,3.9573,3.9115,1.6405,2.242,1.4535,2.2053,0.79586,2.3276,4.0
4.0782,-3.755,1.7227,2.4736,2.1048,1.1406,1.6462,2.1048,3.0981,0.34575,1.4435,2.8653,4.0
4.848,-3.7454,0.52302,0.92742,2.146,2.6292,0.9503,0.8765,3.4008,3.1084,3.6966,2.8663,4.0
,,,,,3.227,,,,0.51321,,1.5166,4.0
3.2946,-4.6675,3.1833,2.9257,3.2749,3.2801,0.35634,1.8086,1.1065,0.45783,1.5085,0.61707,4.0
3.8655,-5.5325,2.3972,1.2798,3.4964,1.2206,2.6634,1.9615,0.85901,2.2604,1.8992,0.63001,4.0
3.944,-2.5901,2.7216,3.2471,2.4868,0.29683,0.9903,1.871,2.1438,3.8727,0.33856,1.8502,4.0
5.259,-4.8247,1.8672,1.8354,0.042426,2.4704,0.44915,3.0955,2.5529,1.6946,1.9116,0.14007,4.0
3.5525,-5.3154,2.8481,2.7039,0.88909,0.54464,2.4115,1.4505,0.16016,1.9956,3.0851,2.906,4.0
3.549,-3.1607,1.1568,1.1511,0.21046,3.2366,3.8765,2.8616,3.7494,3.1457,0.59922,3.0075,4.0
3.6113,-4.4713,0.1141,2.9221,2.0578,3.9115,2.9832,0.62932,3.0788,2.3361,1.2142,1.8024,4.0
3.7158,-2.8665,1.9954,2.9369,3.5713,3.6017,0.44853,1.9943,1.5744,1.8797,3.9396,1.1475,4.0
2.0998,-2.6472,0.78123,2.8317,2.3185,0.73103,0.70261,0.78641,2.551,1.8923,1.5846,0.56931,4.0
4.805,-6.0338,3.8553,0.83786,2.5122,3.6881,1.294,0.73246,2.2581,1.3578,2.6548,1.9748,4.0
4.0142,-3.1905,3.0524,0.68463,0.57717,0.54624,0.34748,2.7087,1.4072,2.5112,3.0875,1.4604,4.0
4.2668,-2.4666,2.4512,2.135,2.9945,0.17342,3.0605,3.5883,0.85971,0.50147,2.4552,3.1235,4.0
3.9729,-3.1012,1.5452,2.8354,1.1226,2.6912,2.0611,2.409,3.9846,2.2308,0.71181,0.5577,4.0
3.3583,-3.1596,3.6456,0.0040511,3.4751,0.51079,0.66907,1.0395,2.8184,3.6715,0.078041,2.9856,4.0
4.1186,-3.3877,2.1434,0.76393,3.2085,0.87707,2.3227,2.3297,2.101,1.3493,0.79102,2.4824,4.0
5.9522,-3.5124,2.9984,2.9441,1.9535,2.6354,0.85463,1.9078,1.6559,1.3108,2.1974,3.631,4.0
,,,3.9822,3.8943,,0.62248,,,,1.2419,,
3.9843,-3.7883,1.3645,0.78852,2.1086,2.0099,2.397,2.7031,3.2212,2.7527,0.80724,0.47021,4.0
5.4738,-2.581,2.9876,0.93156,0.87023,2.1377,1.1661,2.4297,1.6149,2.5043,1.9978,3.4827,4.0
4.773,-4.9647,3.2202,1.3408,0.78634,1.8364,1.9391,3.5209,0.41158,3.7191,2.4366,0.26383,4.0
3.769,-2.6867,1.576,0.55612,0.070769,2.0747,0.80304,3.2229,3.4933,1.3255,3.2311,0.0053873,4.0
3.4666,-4.0346,3.1004,1.3461,1.3773,2.2887,0.39613,2.3961,2.4635,1.6675,2.4617,1.2267,4.0
3.3448,-2.3843,2.031,2.2646,3.3412,1.537,1.2256,0.74027,2.4954,1.3433,1.6225,1.5853,4.0
3.4414,-5.2163,1.577,1.844,1.0987,3.4243,0.81081,3.727,1.1879,,1.8845,1.1437,4.0
2.24,-4.4224,1.5313,3.5662,2.6303,1.4225,3.3879,2.6391,2.7358,1.6009,0.029226,2.5962,4.0
