0,1,2,3,4,5,6,7,8,9,10,11,12,13,14,15,16,17,18,19,20,21,22,23,24,25,26,27,28,29,30,31,32,33,34
1,0,0.99539,-0.05889,0.85243,0.02306,,,,,,,,,,,,,,,,-0.29674,0.36946,-0.47357,0.56811,-0.51171,0.41078,-0.46168,0.21266,-0.3409,0.42267,-0.54487,0.18641,-0.453,2.0
1,0,1.0,-0.18829,0.93035,-0.36156,,,,,,,,,,,,,,,,-0.453,-0.18056,-0.35734,-0.20332,-0.26569,-0.20468,-0.18401,-0.1904,-0.11593,-0.16626,-0.06288,-0.13738,-0.02447,2.0
1,0,1.0,-0.03365,1.0,0.00485,,,,,,,,,,,,,,,,-0.27502,0.43385,-0.12062,0.57528,-0.4022,0.58984,-0.22145,0.431,-0.17365,0.60436,-0.2418,0.56045,-0.38238,1.0
1,0,1.0,-0.45161,1.0,1.0,,,,,,,,,,,,,,,,1.0,0.0,0.0,1.0,0.90695,0.51613,1.0,1.0,-0.20099,0.25682,1.0,-0.32382,1.0,2.0
1,0,1.0,-0.02401,0.9414,0.06531,,,,,,,,,,,,,,,,-0.35575,0.02309,-0.52879,0.03286,-0.65158,0.1329,-0.53206,0.02431,-0.62197,-0.05707,-0.59573,-0.04608,-0.65697,1.0
1,0,0.02337,-0.00592,-0.09924,-0.11949,,,,,,,,,,,,,,,,0.03669,0.01519,0.00888,0.03513,-0.01535,-0.0324,0.09223,-0.07859,0.00732,0.0,0.0,-0.00039,0.12011,2.0
1,0,0.97588,-0.10602,0.94601,-0.208,,,,,,,,,,,,,,,,-0.76562,0.31898,-0.79753,0.22792,-0.81634,0.13659,-0.8251,0.04606,-0.82395,-0.04262,-0.81318,-0.13832,-0.80975,1.0
0,0,0.0,0.0,0.0,0.0,,,,,,,,,,,,,,,,0.0,0.0,0.0,1.0,1.0,1.0,1.0,0.0,0.0,1.0,1.0,0.0,0.0,2.0
1,0,0.96355,-0.07198,1.0,-0.14333,,,,,,,,,,,,,,,,-0.60589,0.69637,-0.64225,0.85106,-0.6544,0.57577,-0.69712,0.25435,-0.63919,0.45114,-0.72779,0.38895,-0.7342,1.0
1,0,-0.01864,-0.08459,0.0,0.0,,,,,,,,,,,,,,,,0.0,0.0,0.0,-0.14803,-0.01326,0.20645,-0.02294,0.0,0.0,0.16595,0.24086,-0.08208,0.38065,2.0
1,0,1.0,0.06655,1.0,-0.18388,,,,,,,,,,,,,,,,-0.7632,0.63081,-0.80544,0.55867,-0.89128,0.47211,-0.865,0.40303,-0.83675,0.30996,-0.89093,0.22995,-0.89158,1.0
1,0,1.0,-0.5421,1.0,-1.0,,,,,,,,,,,,,,,,1.0,1.0,1.0,1.0,-0.40888,1.0,-0.62745,1.0,-1.0,1.0,-1.0,1.0,-1.0,2.0
1,0,1.0,-0.16316,1.0,-0.10169,,,,,,,,,,,,,,,,-0.47308,0.82987,-0.5122,0.8408,-0.47137,0.76224,-0.5837,0.65723,-0.68794,0.68714,-0.64537,0.64727,-0.67226,1.0
1,0,1.0,-0.86701,1.0,0.2228,,,,,,,,,,,,,,,,0.15803,1.0,0.62349,1.0,-0.17012,1.0,0.35924,1.0,-0.66494,1.0,0.88428,1.0,-0.18826,2.0
1,0,1.0,0.0738,1.0,0.0342,,,,,,,,,,,,,,,,0.44758,1.0,0.4175,1.0,0.20033,1.0,0.36743,0.95603,0.48641,1.0,0.32492,1.0,0.46712,1.0
1,0,0.50932,-0.93996,1.0,0.26708,,,,,,,,,,,,,,,,0.0,0.0,0.0,-0.16253,0.92236,0.39752,0.26501,0.0,0.0,1.0,0.23188,0.0,0.0,2.0
1,0,0.99645,0.06468,1.0,-0.01236,,,,,,,,,,,,,,,,0.1183,0.83668,0.14442,0.81329,0.13412,0.79476,0.13638,0.7911,0.15379,0.77122,0.1593,0.70941,0.12015,1.0
0,0,0.0,0.0,-1.0,-1.0,,,,,,,,,,,,,,,,-1.0,-1.0,1.0,-1.0,1.0,1.0,-1.0,-1.0,1.0,-1.0,-1.0,1.0,-1.0,2.0
1,0,0.67065,0.02528,0.66626,0.05031,,,,,,,,,,,,,,,,0.21326,0.5142,0.22625,0.48838,0.23724,0.46167,0.24618,0.43433,0.25306,0.40663,0.25792,1.0,0.33036,1.0
0,0,1.0,-1.0,0.0,0.0,,,,,,,,,,,,,,,,1.0,1.0,0.5625,-1.0,1.0,1.0,1.0,1.0,-1.0,1.0,1.0,1.0,1.0,2.0
1,0,1.0,-0.00612,1.0,-0.09834,,,,,,,,,,,,,,,,-0.44072,0.9606,-0.46866,0.81874,-0.40372,0.82681,-0.42231,0.75784,-0.38231,0.80448,-0.40575,0.74354,-0.45039,1.0
0,0,1.0,1.0,0.0,0.0,,,,,,,,,,,,,,,,1.0,0.0,0.0,0.0,0.0,1.0,-1.0,-1.0,1.0,-1.0,1.0,-1.0,1.0,2.0
1,0,0.96071,0.07088,1.0,0.04296,,,,,,,,,,,,,,,,-0.07905,0.64158,-0.05929,0.55677,-0.07705,0.58051,-0.02205,0.49664,-0.01251,0.5131,-0.00015,0.52099,-0.00182,1.0
0,0,-1.0,1.0,0.0,0.0,,,,,,,,,,,,,,,,1.0,0.0,0.0,-1.0,-1.0,1.0,-1.0,1.0,1.0,-1.0,1.0,0.0,0.0,2.0
1,0,1.0,-0.06182,1.0,0.02942,,,,,,,,,,,,,,,,-0.31558,0.80852,-0.31654,0.84932,-0.34838,0.72529,-0.29174,0.73094,-0.38576,0.54356,-0.26284,0.64207,-0.39487,1.0
1,0,1.0,0.5782,1.0,-1.0,,,,,,,,,,,,,,,,-0.62796,1.0,-1.0,1.0,-1.0,1.0,-1.0,1.0,-1.0,1.0,-1.0,1.0,-1.0,2.0
1,0,1.0,-0.08714,1.0,-0.17263,,,,,,,,,,,,,,,,0.11053,0.62357,-0.78547,0.55389,-0.82868,0.48136,-0.86583,0.4065,-0.89674,0.32984,-0.92128,-0.13341,-1.0,1.0
0,0,-1.0,-1.0,0.0,0.0,,,,,,,,,,,,,,,,-1.0,0.0,0.0,1.0,-1.0,-1.0,1.0,-1.0,-1.0,0.0,0.0,-1.0,1.0,2.0
1,0,1.0,0.0838,1.0,0.17387,,,,,,,,,,,,,,,,1.0,0.98042,1.0,0.91624,1.0,0.83899,1.0,0.74822,1.0,0.64358,1.0,0.52479,1.0,1.0
0,0,-1.0,-1.0,1.0,1.0,,,,,,,,,,,,,,,,-1.0,1.0,-1.0,1.0,1.0,1.0,-1.0,1.0,-1.0,-1.0,1.0,1.0,-1.0,2.0
1,0,1.0,-0.14236,1.0,-0.16256,,,,,,,,,,,,,,,,-0.35519,1.0,-0.59661,1.0,-0.47643,0.9882,-0.49687,1.0,-0.7582,1.0,-0.75761,1.0,-0.84437,1.0
1,0,1.0,-1.0,1.0,1.0,,,,,,,,,,,,,,,,1.0,1.0,-1.0,0.0,0.0,1.0,1.0,1.0,-0.79141,1.0,1.0,1.0,1.0,2.0
1,0,0.88208,-0.14639,0.93408,-0.11057,,,,,,,,,,,,,,,,-0.47153,0.6615,-0.50085,0.61297,-0.48086,0.56804,-0.54629,0.50179,-0.59854,0.47075,-0.57377,0.42189,-0.58086,1.0
1,0,0.71253,-0.02595,0.41287,-0.23067,,,,,,,,,,,,,,,,0.9273,0.51933,0.05456,0.65493,-0.20392,0.93124,-0.41307,0.63811,-0.21901,0.86136,-0.87354,-0.23186,-1.0,2.0
1,0,1.0,-0.15899,0.72314,0.27686,,,,,,,,,,,,,,,,-0.01891,0.92599,-0.91338,1.0,0.14803,1.0,-0.11582,1.0,-0.11129,1.0,0.53372,1.0,-0.57758,1.0
1,0,0.66161,-1.0,1.0,1.0,,,,,,,,,,,,,,,,0.85268,1.0,-1.0,1.0,0.85357,1.0,-0.08571,0.95982,-0.3625,1.0,0.65268,1.0,0.34732,2.0
1,0,1.0,0.00433,1.0,-0.01209,,,,,,,,,,,,,,,,-0.14248,0.94815,-0.13565,0.89469,-0.20851,0.89067,-0.17909,0.85644,-0.18552,0.83777,-0.20101,0.83867,-0.20766,1.0
0,0,1.0,1.0,1.0,-1.0,,,,,,,,,,,,,,,,1.0,-1.0,1.0,1.0,-1.0,1.0,1.0,-1.0,1.0,1.0,1.0,0.0,0.0,2.0
1,0,0.91241,0.04347,0.94191,0.0228,,,,,,,,,,,,,,,,0.11849,0.77041,0.14222,0.75755,0.11299,0.7355,0.13282,0.66387,0.153,0.70925,0.10754,0.65258,0.11447,1.0
1,0,1.0,0.02461,0.99672,0.04861,,,,,,,,,,,,,,,,0.16371,0.60138,0.16516,0.54446,0.1639,0.48867,0.16019,0.43481,0.15436,0.38352,0.14677,1.0,1.0,2.0
1,0,1.0,0.06538,1.0,0.20746,,,,,,,,,,,,,,,,0.67135,0.40553,0.6884,0.34384,0.72082,0.27712,0.72386,0.19296,0.70682,0.11372,0.72688,0.0699,0.71444,1.0
1,0,-1.0,-1.0,1.0,1.0,,,,,,,,,,,,,,,,-1.0,-1.0,1.0,-1.0,-1.0,1.0,-1.0,-1.0,-1.0,1.0,1.0,0.0,0.0,2.0
1,0,0.90932,0.08791,0.86528,0.16888,,,,,,,,,,,,,,,,0.54462,0.31274,0.55826,0.24856,0.56527,0.18626,0.56605,0.12635,0.56101,0.06927,0.55061,0.12137,0.67739,1.0
1,0,-0.64286,-1.0,1.0,0.82857,,,,,,,,,,,,,,,,-0.03393,-0.84286,1.0,0.5375,0.85714,1.0,1.0,1.0,-1.0,1.0,-1.0,1.0,-1.0,2.0
1,0,0.99025,-0.05785,0.99793,-0.13009,,,,,,,,,,,,,,,,-0.59839,0.74725,-0.64615,0.68282,-0.68479,0.65247,-0.73174,0.6101,-0.75353,0.54752,-0.80278,0.49195,-0.83245,1.0
0,0,0.0,0.0,0.0,0.0,,,,,,,,,,,,,,,,0.0,0.0,0.0,-1.0,-1.0,-1.0,-1.0,-1.0,1.0,1.0,0.0,0.0,0.0,2.0
1,0,1.0,-0.0373,1.0,-0.07383,,,,,,,,,,,,,,,,-0.34691,0.87874,-0.37643,0.86213,-0.4299,0.83172,-0.43122,0.81433,-0.42593,0.77919,-0.47977,0.75115,-0.50152,1.0
1,0,0.94598,-0.02685,-1.0,0.26131,,,,,,,,,,,,,,,,-0.31454,-0.73864,0.37361,0.83872,-0.46734,0.52208,-0.5813,1.0,-0.61393,-0.09634,0.20477,-0.06117,0.41913,2.0
1,0,0.98166,0.00874,0.98103,-0.03818,,,,,,,,,,,,,,,,-0.17387,0.86257,-0.18739,0.88487,-0.19689,0.81813,-0.21136,0.78546,-0.23864,0.76911,-0.23095,0.74323,-0.23902,1.0
1,0,0.0,0.0,1.0,0.51724,,,,,,,,,,,,,,,,0.0,0.53448,0.35668,-0.90302,0.44828,1.0,-1.0,-1.0,0.81573,0.0,0.0,0.0,0.0,2.0
1,0,0.84134,-0.18362,0.43644,0.02919,,,,,,,,,,,,,,,,1.0,0.4661,-0.1629,0.90066,-0.02778,0.93358,-0.01158,0.61582,-0.32298,0.84463,-0.25706,0.93323,-0.01425,1.0
0,0,1.0,1.0,1.0,-1.0,,,,,,,,,,,,,,,,0.0,1.0,-1.0,1.0,-1.0,1.0,1.0,-1.0,-1.0,0.0,0.0,0.0,0.0,2.0
1,0,1.0,1.0,1.0,1.0,,,,,,,,,,,,,,,,-1.0,-0.52838,-1.0,0.90014,-1.0,1.0,-1.0,1.0,-1.0,1.0,-0.34686,1.0,0.34845,1.0
1,0,-0.67935,-1.0,-1.0,1.0,,,,,,,,,,,,,,,,-1.0,-1.0,-1.0,-0.18856,1.0,1.0,-1.0,-1.0,-1.0,-1.0,1.0,1.0,0.33611,2.0
1,0,0.95659,0.08143,0.97487,-0.05667,,,,,,,,,,,,,,,,-0.27316,0.9014,-0.29807,0.99899,-0.40747,0.87244,-0.34586,0.92059,-0.30619,0.83951,-0.39061,0.82166,-0.41173,1.0
1,0,0.08333,-0.20685,-1.0,1.0,,,,,,,,,,,,,,,,-1.0,-1.0,-0.46801,-1.0,0.2381,1.0,-1.0,-1.0,-0.38914,-1.0,-1.0,-1.0,0.61458,2.0
1,0,1.0,-0.02259,1.0,-0.04494,,,,,,,,,,,,,,,,-0.18949,0.95601,-0.20081,1.0,-0.92284,0.8728,-0.21793,0.8292,-0.2237,0.78479,-0.22765,0.73992,-0.22981,1.0
0,0,-1.0,1.0,1.0,-1.0,,,,,,,,,,,,,,,,-1.0,1.0,1.0,1.0,-1.0,1.0,1.0,1.0,1.0,0.0,0.0,-1.0,-1.0,2.0
1,0,1.0,0.05812,0.94525,0.07418,,,,,,,,,,,,,,,,0.14258,0.90784,0.1641,0.91667,0.22431,0.88423,0.23571,0.88568,0.22511,0.78324,0.29576,0.83574,0.31166,1.0
1,0,0.17188,-1.0,-1.0,1.0,,,,,,,,,,,,,,,,0.0,-1.0,-0.27083,-0.84792,0.9625,1.0,1.0,-1.0,0.67708,0.0,0.0,0.0,0.0,2.0
1,0,1.0,0.09771,1.0,0.12197,,,,,,,,,,,,,,,,0.31698,0.74829,0.39597,0.76193,0.34658,0.68452,0.42746,0.62764,0.46031,0.56791,0.47033,0.54252,0.50903,1.0
1,0,0.01667,-0.35625,0.0,0.0,,,,,,,,,,,,,,,,0.0,0.08333,-1.0,-0.10625,-0.16667,1.0,-0.76667,-1.0,0.18854,0.0,0.0,1.0,-0.27292,2.0
1,0,1.0,0.16801,0.99352,0.16334,,,,,,,,,,,,,,,,0.58071,0.55586,0.6472,0.48311,0.55236,0.43317,0.69129,0.35684,0.76147,0.33921,0.66844,0.22101,0.78685,1.0
1,0,0.63816,1.0,0.20833,-1.0,,,,,,,,,,,,,,,,-0.4386,-1.0,1.0,0.80921,-1.0,1.0,-0.0614,1.0,1.0,0.20614,-1.0,1.0,1.0,2.0
1,0,1.0,-0.41457,1.0,0.76131,,,,,,,,,,,,,,,,-0.19095,1.0,-0.12312,0.93593,0.10678,0.9289,-0.07249,1.0,-0.27387,0.4397,0.19849,0.51382,-0.05402,1.0
1,0,0.84783,0.10598,1.0,0.3913,,,,,,,,,,,,,,,,0.63496,0.8913,0.26585,0.91033,-0.33333,1.0,0.15942,0.37681,-0.01947,1.0,0.22464,1.0,0.37409,2.0
1,0,1.0,0.28046,1.0,0.02477,,,,,,,,,,,,,,,,0.0415,0.99933,0.27376,1.0,-0.39056,0.96414,-0.02174,0.86747,0.2336,0.94578,-0.22021,0.80355,-0.07329,1.0
0,0,1.0,-1.0,1.0,-1.0,,,,,,,,,,,,,,,,1.0,1.0,-1.0,1.0,-1.0,1.0,-1.0,1.0,0.65625,0.0,0.0,1.0,-1.0,2.0
1,0,1.0,0.67784,0.81309,0.82021,,,,,,,,,,,,,,,,-0.76339,-0.37671,-0.97491,0.41366,-1.0,0.41778,-0.93296,0.25773,-1.0,0.9357,-0.35222,0.98816,0.03446,1.0
1,0,1.0,1.0,1.0,-1.0,,,,,,,,,,,,,,,,1.0,1.0,1.0,1.0,1.0,1.0,0.5,0.0,0.0,1.0,-1.0,1.0,-1.0,2.0
1,0,1.0,0.03529,1.0,0.18281,,,,,,,,,,,,,,,,0.61267,1.0,0.59457,0.89593,0.68326,0.89502,0.71374,0.85611,0.67149,0.74389,0.85611,0.71493,0.75837,1.0
0,0,1.0,-1.0,1.0,1.0,,,,,,,,,,,,,,,,1.0,1.0,-1.0,1.0,-1.0,1.0,-1.0,-1.0,-1.0,0.0,0.0,1.0,-1.0,2.0
1,0,0.96087,0.0862,0.9676,0.19279,,,,,,,,,,,,,,,,0.6882,0.48339,0.76197,0.40615,0.74689,0.33401,0.83796,0.24944,0.86061,0.13756,0.86835,0.09048,0.86285,1.0
1,0,0.69444,0.38889,0.0,0.0,,,,,,,,,,,,,,,,0.0,0.0,0.0,0.73413,0.27381,0.7619,0.63492,0.0,0.0,0.0,0.0,0.0,0.0,2.0
1,0,1.0,0.0507,1.0,0.10827,,,,,,,,,,,,,,,,0.59962,0.79578,0.62758,0.66643,0.63942,0.59417,0.69435,0.49538,0.72684,0.47027,0.71689,0.33381,0.75243,1.0
0,0,1.0,1.0,0.0,0.0,,,,,,,,,,,,,,,,-1.0,-1.0,-1.0,1.0,-1.0,1.0,-1.0,1.0,1.0,0.0,0.0,1.0,-1.0,2.0
1,0,1.0,0.04078,1.0,0.11982,,,,,,,,,,,,,,,,0.56282,0.70331,0.58129,0.67077,0.59723,0.58903,0.6099,0.53952,0.60932,0.45312,0.63636,0.40442,0.62658,1.0
0,0,1.0,1.0,1.0,-1.0,,,,,,,,,,,,,,,,1.0,-1.0,1.0,1.0,-1.0,1.0,1.0,-1.0,1.0,-1.0,-1.0,-1.0,1.0,2.0
1,0,1.0,0.24168,1.0,0.4859,,,,,,,,,,,,,,,,1.0,0.89647,1.0,0.64628,1.0,0.38255,1.0,0.10819,1.0,-0.1737,1.0,-0.81383,1.0,1.0
0,0,1.0,1.0,1.0,-1.0,,,,,,,,,,,,,,,,1.0,1.0,1.0,1.0,-1.0,1.0,1.0,1.0,1.0,1.0,-1.0,-1.0,1.0,2.0
1,0,1.0,-0.06604,1.0,0.62937,,,,,,,,,,,,,,,,-0.26573,1.0,-1.0,1.0,-0.58042,1.0,-0.81372,1.0,-1.0,1.0,-0.78555,1.0,-0.48252,1.0
0,0,1.0,-1.0,1.0,1.0,,,,,,,,,,,,,,,,1.0,1.0,1.0,1.0,-1.0,1.0,1.0,1.0,-1.0,1.0,1.0,1.0,-1.0,2.0
1,0,0.92277,0.07804,0.92679,0.16251,,,,,,,,,,,,,,,,0.66975,0.34232,0.68343,0.23693,0.76146,0.18765,0.73885,0.09694,0.71038,0.02735,0.77072,-0.04023,0.69509,1.0
1,0,0.68198,-0.17314,0.82332,0.21908,,,,,,,,,,,,,,,,0.30745,-0.00083,0.24936,-0.02862,0.19405,-0.04314,0.14481,-0.04779,0.10349,-0.04585,0.07064,-0.04013,0.04586,2.0
1,0,0.74852,-0.02811,0.6568,-0.05178,,,,,,,,,,,,,,,,0.06953,0.34615,-0.18639,0.65385,0.02811,0.61009,-0.06637,0.5355,-0.21154,0.59024,-0.14053,0.56361,0.02959,1.0
1,0,0.39179,-0.06343,0.97464,0.04328,,,,,,,,,,,,,,,,0.14792,0.83209,0.45522,0.47015,0.16418,0.49309,0.1463,0.32463,-0.02612,0.39118,0.13521,0.34411,0.12755,2.0
1,0,0.67547,0.04528,0.76981,-0.10566,,,,,,,,,,,,,,,,-0.23774,0.73962,-0.14717,0.84906,-0.15094,0.73886,-0.05801,0.66792,0.02264,0.86415,0.03774,0.73208,0.00755,1.0
1,0,0.72727,-0.05,0.89241,0.03462,,,,,,,,,,,,,,,,-0.3,0.98636,-1.0,0.57273,0.32727,0.56982,0.14673,0.42273,0.08182,0.48927,0.14643,1.0,1.0,2.0
1,0,0.57647,-0.01569,0.40392,0.0,,,,,,,,,,,,,,,,0.06667,0.58039,0.08235,0.49804,0.00392,0.48601,0.10039,0.46275,0.08235,0.45098,0.23529,0.43137,0.17255,1.0
1,0,0.41932,0.12482,0.35,0.125,,,,,,,,,,,,,,,,0.05078,-0.18636,0.36364,-0.14003,-0.04802,-0.09971,-0.07114,-1.0,-1.0,-0.02916,-0.07464,-0.00526,-0.06314,2.0
1,0,0.88305,-0.21996,1.0,0.36373,,,,,,,,,,,,,,,,0.27575,1.0,0.34871,0.5676,0.52039,0.69811,0.53235,0.80901,0.58584,0.43026,0.70923,0.52361,0.54185,1.0
1,0,0.84557,-0.0858,-0.31745,-0.80553,,,,,,,,,,,,,,,,0.5081,-0.34128,0.80934,0.78932,-0.03718,0.70882,-0.25288,0.77884,-0.14109,-0.21354,-0.7817,-0.18494,-0.59867,2.0
1,0,0.7087,-0.24783,0.64348,0.04348,,,,,,,,,,,,,,,,0.11739,0.53246,-0.03845,0.31304,-0.12174,0.4993,-0.04264,0.48348,-0.04448,0.64348,-0.25217,0.50435,0.14783,1.0
1,0,-0.5418,0.14861,-0.33746,0.73375,,,,,,,,,,,,,,,,0.07121,-0.63777,-0.6161,1.0,0.65635,0.41348,-0.40116,-0.1517,0.11146,0.02399,0.5582,0.52632,-0.08978,2.0
1,0,0.29202,0.13582,0.45331,0.16808,,,,,,,,,,,,,,,,0.06621,0.28183,-0.20883,0.51731,-0.03176,0.50369,-0.03351,0.34635,0.09847,0.70798,-0.01868,0.39559,-0.03226,1.0
1,0,0.79157,0.16851,0.0,0.0,,,,,,,,,,,,,,,,0.38803,-0.42572,0.23725,-0.91574,0.8071,-0.34146,0.88248,-1.0,0.69401,-1.0,0.1286,0.0,0.0,2.0
1,0,0.90116,0.16607,0.79299,0.37379,,,,,,,,,,,,,,,,0.65924,-0.57135,0.53805,-0.68159,0.39951,-0.71844,0.25835,-0.72369,0.11218,-0.71475,-0.05525,-0.67699,-0.19904,1.0
1,0,0.97714,0.19049,0.82683,0.46259,,,,,,,,,,,,,,,,0.49508,-0.77408,0.33537,-0.85376,0.17849,-0.83314,-0.01358,-0.82366,-0.19321,-0.67289,-0.33662,-0.59943,-0.497,1.0
1,0,-1.0,-1.0,0.0,0.0,,,,,,,,,,,,,,,,-1.0,-1.0,-1.0,1.0,-0.59609,-1.0,-1.0,-1.0,-1.0,1.0,-1.0,0.0,0.0,2.0
1,0,0.74084,0.04974,0.79074,0.02543,,,,,,,,,,,,,,,,0.11355,0.68183,0.12185,0.67016,0.15445,0.64158,0.13608,0.65707,0.17539,0.59759,0.14697,0.57455,0.15114,1.0
1,0,1.0,-1.0,0.0,0.0,,,,,,,,,,,,,,,,0.0,0.18382,-1.0,-1.0,-1.0,-1.0,-1.0,1.0,-1.0,1.0,-1.0,0.0,0.0,2.0
1,0,1.0,0.01709,0.96215,-0.03142,,,,,,,,,,,,,,,,-0.18519,1.0,-0.19272,0.98971,-0.22083,0.9649,-0.20243,0.94599,-0.17123,0.96436,-0.22561,0.87011,-0.23296,1.0
0,0,0.0,0.0,0.0,0.0,,,,,,,,,,,,,,,,0.0,0.0,0.0,0.0,0.0,1.0,-1.0,0.0,0.0,0.0,0.0,0.0,0.0,2.0
1,0,0.95704,-0.12095,0.63318,-0.1269,,,,,,,,,,,,,,,,-0.27165,0.93126,-0.39458,1.0,-0.19233,0.88793,-0.31565,0.81428,-0.23728,0.89095,-0.31857,0.69531,-0.41573,1.0
1,0,0.28409,-0.31818,0.0,0.0,,,,,,,,,,,,,,,,0.0,0.0,0.0,0.24242,0.17803,1.0,-0.23864,0.06061,-0.48485,0.16288,-0.70076,0.0,0.0,2.0
1,0,0.9449,-0.49311,1.0,-0.03692,,,,,,,,,,,,,,,,-0.23452,1.0,-0.26571,1.0,-0.29852,1.0,-0.33304,1.0,-0.36931,1.0,-0.4074,1.0,-0.44739,1.0
1,0,0.0,0.0,0.0,0.0,,,,,,,,,,,,,,,,0.0,0.0,0.0,0.0,0.0,1.0,0.10976,0.0,0.0,0.0,0.0,0.0,0.0,2.0
1,0,0.99449,0.00526,0.84082,-0.11313,,,,,,,,,,,,,,,,0.00075,0.87836,-0.05882,0.93368,-0.19872,0.87579,-0.17806,0.94294,-0.16581,0.80253,-0.25741,0.76586,-0.27794,1.0
1,0,0.10135,0.10811,0.0,0.0,,,,,,,,,,,,,,,,0.0,0.0,0.0,-0.42568,-1.0,1.0,-1.0,0.55405,-0.23649,0.0,0.0,0.0,0.0,2.0
1,0,1.0,-0.57224,0.9915,-0.73371,,,,,,,,,,,,,,,,-1.0,0.7012,-0.74896,0.61946,-0.76904,0.53777,-0.77986,0.8102,-1.0,1.0,-1.0,0.30445,-0.76112,1.0
1,0,0.65909,-0.62879,0.0,0.0,,,,,,,,,,,,,,,,-1.0,0.0,0.0,0.0,0.0,1.0,-0.93939,-0.12879,-0.93182,0.0,0.0,0.0,0.0,2.0
1,0,0.86284,0.1931,0.8092,0.41149,,,,,,,,,,,,,,,,0.56092,-0.6023,0.40996,-0.59234,0.25747,-0.63038,0.08818,-0.57241,-0.07816,-0.54866,-0.19923,-0.42912,-0.31954,1.0
1,0,0.42,-0.61,0.0,0.0,,,,,,,,,,,,,,,,0.0,0.0,0.0,0.21,0.68,1.0,0.22,0.0,0.0,0.0,0.0,0.0,0.0,2.0
1,0,1.0,0.23395,0.91404,0.52013,,,,,,,,,,,,,,,,0.44614,-0.74102,0.29162,-0.70838,0.03591,-0.71731,-0.11943,-0.64962,-0.28183,-0.51251,-0.44505,-0.37432,-0.53319,1.0
1,0,0.91353,0.81586,-0.72973,1.0,,,,,,,,,,,,,,,,0.00075,-3e-05,0.00019,-3e-05,2e-05,-1e-05,0.0,0.0,0.0,0.0,0.0,0.0,0.0,2.0
1,0,0.21429,-0.09524,0.33333,0.07143,,,,,,,,,,,,,,,,0.0,0.21429,-0.11905,0.35714,-0.04762,0.22109,-0.0229,0.19048,0.0,0.16997,-0.02034,0.14694,-0.01877,1.0
1,0,1.0,-0.14754,1.0,0.04918,,,,,,,,,,,,,,,,0.03279,1.0,-0.29508,0.31148,-0.34426,0.52385,-0.20325,0.32787,-0.03279,0.27869,-0.44262,0.4918,-0.06557,2.0
1,0,0.98182,0.0,0.88627,0.03131,,,,,,,,,,,,,,,,0.12608,0.68604,0.13493,0.74545,0.22727,0.64581,0.15088,0.67273,0.02727,0.60715,0.16465,0.5884,0.17077,1.0
1,0,0.39286,0.52381,-0.78824,0.11342,,,,,,,,,,,,,,,,0.44961,-0.47651,-0.47594,0.32143,0.70238,0.51971,0.38848,0.57143,0.39286,-0.54891,-0.29915,0.25441,-0.55837,2.0
1,0,0.86889,-0.07111,1.0,-0.02494,,,,,,,,,,,,,,,,-0.11526,1.0,-0.18667,0.84444,0.03556,1.0,-0.14162,0.82222,-0.14667,1.0,-0.15609,1.0,-0.44222,1.0
1,0,0.43636,-0.12727,0.58182,-0.14545,,,,,,,,,,,,,,,,0.49091,0.61818,0.16364,0.32727,0.16364,0.41098,-0.07027,0.34545,-0.05455,0.12727,-0.36364,0.29091,-0.29091,2.0
1,0,1.0,-0.92453,1.0,0.75472,,,,,,,,,,,,,,,,0.07547,0.9519,-0.00112,1.0,0.79245,0.92192,-0.00128,0.9434,-1.0,1.0,0.43396,0.43396,-0.11321,1.0
1,0,0.7381,0.83333,-0.7619,-0.2381,,,,,,,,,,,,,,,,0.04762,0.16667,-0.2619,-0.57255,-0.10234,0.24889,-0.51079,1.0,0.0,-0.66667,-0.04762,0.2619,0.02381,2.0
1,0,0.4375,0.04167,0.58333,-0.10417,,,,,,,,,,,,,,,,0.08333,0.25,0.1875,0.39583,-0.1875,0.44012,-0.10064,0.41667,-0.08333,0.58333,-0.3125,0.33333,-0.0625,1.0
1,0,1.0,1.0,0.0,0.0,,,,,,,,,,,,,,,,0.0,0.6203,0.20301,-1.0,-1.0,1.0,-1.0,1.0,1.0,0.0,0.0,0.0,0.0,2.0
1,0,0.95217,0.06595,0.93614,0.1303,,,,,,,,,,,,,,,,0.44088,0.46773,0.44511,0.4044,0.44199,0.34374,0.43221,0.9033,1.0,0.23405,0.3962,0.18632,0.37191,1.0
1,0,0.5984,0.40332,0.82809,0.80521,,,,,,,,,,,,,,,,-0.69594,0.8667,-0.85755,0.28604,-0.30063,1.0,0.17076,0.62958,0.42677,0.87757,0.81007,0.81979,0.68822,2.0
1,0,0.95882,0.10129,1.0,-0.01918,,,,,,,,,,,,,,,,-0.09284,0.97889,-0.05318,0.91567,-0.15675,0.95677,-0.06995,0.90978,0.01307,1.0,-0.10797,0.93144,-0.06888,1.0
1,0,0.0,0.0,-0.33672,0.85388,,,,,,,,,,,,,,,,0.0,-0.18043,-1.0,0.0,0.0,1.0,-1.0,0.0,0.0,0.04447,0.61881,0.0,0.0,2.0
1,0,0.96933,0.00876,1.0,0.00843,,,,,,,,,,,,,,,,-0.02612,1.0,-0.04744,0.96019,-0.04527,0.99188,-0.03473,0.9702,-0.02478,1.0,-0.03855,0.9842,-0.04112,1.0
1,0,0.0,0.0,0.98919,-0.22703,,,,,,,,,,,,,,,,-0.21081,1.0,-0.41622,0.0,0.0,1.0,-0.17568,0.0,0.0,1.0,-0.25946,0.28919,-0.15676,2.0
1,0,0.64122,0.01403,0.34146,-0.02439,,,,,,,,,,,,,,,,0.12195,0.23698,0.05813,0.21951,0.09756,0.19304,0.05641,0.1741,0.05504,0.19512,0.0,0.17073,0.07317,1.0
1,0,1.0,1.0,1.0,-1.0,,,,,,,,,,,,,,,,0.0,1.0,-0.27778,0.0,0.0,1.0,-1.0,1.0,1.0,1.0,-1.0,0.0,0.0,2.0
1,0,0.34694,0.20408,0.46939,0.2449,,,,,,,,,,,,,,,,0.44898,-0.28571,0.32653,-0.61224,0.22449,-0.46579,0.14895,-0.59184,0.18367,-0.34694,0.0,-0.26531,-0.2449,1.0
1,0,0.0,0.0,1.0,-1.0,,,,,,,,,,,,,,,,0.0,1.0,1.0,0.0,0.0,1.0,-1.0,0.0,0.0,1.0,-1.0,0.0,0.0,2.0
1,0,0.89706,0.38235,0.91176,0.375,,,,,,,,,,,,,,,,0.38235,-0.86029,0.08824,-0.74265,-0.125,-0.67925,-0.24131,-0.55147,-0.42647,-0.44118,-0.50735,-0.28676,-0.56618,1.0
1,0,-1.0,0.28105,0.22222,0.15033,,,,,,,,,,,,,,,,-0.83007,0.94118,-0.94118,-1.0,-0.43137,0.74385,0.09176,-1.0,0.05229,0.18301,0.02614,-0.40201,-0.48241,2.0
1,0,0.26667,-0.1,0.53333,0.0,,,,,,,,,,,,,,,,0.2,0.7,0.0,0.25,0.13333,0.46214,0.05439,0.4,0.03333,0.46667,0.03333,0.41667,-0.05,1.0
1,0,-0.26667,0.4,-0.27303,0.12159,,,,,,,,,,,,,,,,0.00238,-0.00114,0.00102,-0.00069,-0.0005,0.00019,-0.00043,0.00026,5e-05,0.0,0.00015,-8e-05,2e-05,2.0
1,0,1.0,-0.37838,0.64865,0.2973,,,,,,,,,,,,,,,,0.05405,0.75676,0.13514,0.35135,-0.2973,0.61031,-0.22163,0.58478,-0.23027,0.72973,-0.59459,0.51351,-0.24324,1.0
1,0,0.94531,-0.03516,-1.0,-0.33203,,,,,,,,,,,,,,,,0.11719,-0.93359,0.34766,0.95703,-0.00391,0.82041,0.13758,0.90234,-0.06641,-1.0,-0.1875,-1.0,-0.34375,2.0
1,0,0.95202,0.02254,0.93757,-0.01272,,,,,,,,,,,,,,,,-0.04971,0.93815,-0.0237,0.97052,-0.04451,0.96215,-0.01647,0.97399,0.01908,0.95434,-0.0341,0.95838,0.00809,1.0
1,0,1.0,-0.05529,1.0,-1.0,,,,,,,,,,,,,,,,-0.25,1.0,-0.50333,1.0,-0.27778,1.0,-0.57092,1.0,-0.27778,1.0,-0.63156,1.0,-0.65935,2.0
1,0,0.31034,-0.10345,0.24138,-0.10345,,,,,,,,,,,,,,,,-0.00299,-0.00028,-0.00166,-0.00031,-0.0009,-0.00025,-0.00048,-0.00018,-0.00024,-0.00012,-0.00012,-8e-05,-6e-05,1.0
1,0,0.62745,-0.07843,0.72549,0.0,,,,,,,,,,,,,,,,-0.19608,0.66667,-0.23529,0.45098,-0.2549,0.52409,-0.24668,0.56863,-0.31373,0.43137,-0.21569,0.47059,-0.27451,2.0
1,0,0.25,0.16667,0.46667,0.26667,,,,,,,,,,,,,,,,0.00357,-0.01726,-0.00273,-0.01097,-0.00539,-0.00621,-0.00586,-0.00294,-0.0052,-0.00089,-0.00408,0.00025,-0.00291,1.0
1,0,-0.65625,0.15625,0.0625,0.0,,,,,,,,,,,,,,,,-0.09375,0.0,0.0,0.03125,-0.46875,0.03125,0.0,-0.71875,0.03125,-0.03125,0.0,0.0,0.09375,2.0
1,0,1.0,-0.01081,1.0,-0.02703,,,,,,,,,,,,,,,,0.06486,1.0,0.04324,0.97838,0.09189,0.98556,0.01251,1.0,-0.03243,1.0,0.02703,1.0,-0.07027,1.0
1,0,0.85271,0.05426,1.0,0.08069,,,,,,,,,,,,,,,,0.5067,1.0,-1.0,0.8062,0.03876,1.0,0.71613,0.84496,0.06977,1.0,0.87317,1.0,1.0,2.0
1,0,0.90374,-0.01604,1.0,0.08021,,,,,,,,,,,,,,,,0.02139,0.9893,-0.01604,0.96257,0.05348,0.96974,0.04452,0.87701,0.0107,1.0,0.09091,0.97861,0.06417,1.0
1,0,-0.205,0.2875,0.23,0.1,,,,,,,,,,,,,,,,-0.08,0.29908,0.33176,-0.58,-0.24,0.3219,-0.28475,-0.47,0.185,-0.27104,-0.31228,0.40445,0.0305,2.0
1,0,0.6,0.03333,0.63333,0.06667,,,,,,,,,,,,,,,,-0.03333,0.76667,0.0,0.63333,0.13333,0.65932,0.10168,0.6,0.13333,0.6,0.16667,0.63333,0.16667,1.0
1,0,0.05866,-0.00838,0.06704,0.00838,,,,,,,,,,,,,,,,0.02514,0.02793,-0.00559,0.00838,0.00559,0.10335,-0.00838,0.03073,-0.00279,0.04469,0.0,0.04749,-0.03352,2.0
1,0,0.94653,0.28713,0.72554,0.67248,,,,,,,,,,,,,,,,-0.44,-0.30851,-0.55089,-0.04119,-0.64792,0.16085,-0.5642,0.36752,-0.41901,0.46059,-0.22535,0.50376,-0.0598,1.0
1,0,0.0546,0.01437,-0.02586,0.04598,,,,,,,,,,,,,,,,0.02299,-0.03736,-0.01149,0.03161,-0.00862,0.00862,0.01724,0.02586,0.01149,0.02586,0.01149,-0.04598,-0.00575,2.0
1,0,0.72414,-0.01084,0.79704,0.01084,,,,,,,,,,,,,,,,0.0335,0.74778,0.05517,0.72611,-0.01478,0.78041,0.00612,0.74089,-0.05025,0.82956,0.02956,0.79015,0.00788,1.0
1,0,0.03852,0.02568,0.00428,0.0,,,,,,,,,,,,,,,,0.00428,0.05136,-0.02282,0.05136,0.01854,0.03994,0.01569,0.01997,0.00713,-0.02568,-0.01854,-0.01427,0.01997,2.0
1,0,0.4709,0.22751,0.42328,0.33598,,,,,,,,,,,,,,,,-0.1455,-0.14815,-0.38095,-0.2328,0.00265,0.03574,-0.31739,0.15873,-0.21693,0.24868,-0.24339,0.2672,0.04233,1.0
1,0,0.08696,0.00686,0.13959,-0.04119,,,,,,,,,,,,,,,,0.0,0.11213,-0.00229,0.15103,-0.10297,0.08467,0.01373,0.11213,-0.06636,0.09611,-0.07323,0.1167,-0.06865,2.0
1,0,0.94333,0.38574,0.48263,0.64534,,,,,,,,,,,,,,,,-0.6362,0.71481,-0.3766,0.73857,-0.05484,0.60098,0.30384,0.45521,0.60512,0.02742,0.54479,-0.21572,0.50457,1.0
1,0,0.01975,0.00705,0.0409,-0.00846,,,,,,,,,,,,,,,,-0.02539,0.01834,0.0,0.0,-0.01269,0.01834,-0.01128,0.00564,-0.01551,-0.01693,-0.02398,0.00705,0.0,2.0
1,0,0.85736,0.00075,0.81927,-0.05676,,,,,,,,,,,,,,,,0.01195,0.90515,0.0224,0.79686,-0.01942,0.82383,-0.03678,0.88125,-0.06423,0.73936,-0.01942,0.79089,-0.09186,1.0
1,0,1.0,-1.0,1.0,1.0,,,,,,,,,,,,,,,,1.0,1.0,-1.0,1.0,-1.0,1.0,1.0,1.0,1.0,-1.0,1.0,-1.0,1.0,2.0
1,0,0.85209,0.39252,0.38887,0.76432,,,,,,,,,,,,,,,,-0.80496,0.64649,-0.3523,0.77814,-0.23324,0.71698,0.21343,0.3783,0.5831,0.19667,0.66315,-0.11215,0.64933,1.0
1,0,1.0,1.0,1.0,0.5125,,,,,,,,,,,,,,,,1.0,0.3125,1.0,1.0,1.0,1.0,1.0,1.0,1.0,-0.94375,1.0,0.0,0.0,2.0
1,0,1.0,0.54902,0.62745,1.0,,,,,,,,,,,,,,,,-1.0,0.7451,-0.72549,0.92157,-0.21569,0.92874,0.21876,0.72549,0.56863,0.23529,0.90196,-0.11765,0.90196,1.0
1,0,0.0,0.0,-1.0,-1.0,,,,,,,,,,,,,,,,-1.0,-1.0,1.0,1.0,0.4375,1.0,-1.0,0.0,0.0,-1.0,-1.0,-1.0,1.0,2.0
1,0,0.44444,0.44444,0.53695,0.90763,,,,,,,,,,,,,,,,-0.77778,0.77778,-0.22222,0.33333,0.0,0.9212,0.45019,0.57454,0.84353,0.22222,1.0,-0.55556,1.0,1.0
0,0,0.0,0.0,0.0,0.0,,,,,,,,,,,,,,,,0.0,0.0,0.0,0.0,0.0,1.0,0.0,0.0,0.0,0.0,0.0,0.0,0.0,2.0
1,0,1.0,0.0,1.0,0.0,,,,,,,,,,,,,,,,0.0,1.0,-0.25,0.5,0.5,0.73944,0.26388,0.75,0.25,0.69635,0.29074,0.67493,0.30293,1.0
0,0,-1.0,1.0,1.0,1.0,,,,,,,,,,,,,,,,0.0,0.0,0.0,-1.0,-1.0,1.0,-1.0,1.0,1.0,-1.0,-1.0,0.0,0.0,2.0
1,0,1.0,0.0,1.0,0.0,,,,,,,,,,,,,,,,-0.11111,0.66667,-0.11111,0.66667,0.0,0.90347,-0.05352,1.0,0.11111,0.88889,-0.11111,1.0,0.0,1.0
0,0,0.0,0.0,0.0,0.0,,,,,,,,,,,,,,,,0.0,-1.0,1.0,0.0,0.0,1.0,-1.0,-1.0,-1.0,1.0,1.0,0.0,0.0,2.0
1,0,1.0,0.45455,1.0,-0.45455,,,,,,,,,,,,,,,,-0.36364,1.0,0.09091,1.0,-0.09091,1.0,-0.04914,1.0,0.45455,1.0,-0.27273,1.0,-0.18182,1.0
1,0,0.62121,-0.63636,0.0,0.0,,,,,,,,,,,,,,,,-0.53409,-0.57576,0.17803,0.29167,-0.27273,0.25758,-0.57576,0.43182,0.24242,0.18182,-0.02273,0.17045,-0.41667,2.0
1,0,1.0,0.11765,1.0,0.23529,,,,,,,,,,,,,,,,0.35294,1.0,0.41176,1.0,-0.11765,1.0,0.20225,1.0,0.05882,1.0,0.35294,1.0,0.23529,1.0
1,0,0.0,0.0,-1.0,-0.62766,,,,,,,,,,,,,,,,1.0,0.17021,-0.70745,0.0,0.0,-0.19149,-0.46809,-0.2234,-0.48936,0.74468,0.90426,-0.67553,0.45745,2.0
1,0,0.91667,0.29167,0.83333,-0.16667,,,,,,,,,,,,,,,,-0.08333,0.75,0.16667,0.83333,-0.125,0.83796,0.05503,1.0,0.20833,0.70833,0.0,0.70833,0.04167,1.0
1,0,0.1859,-0.16667,0.0,0.0,0.0,0.0,0.0,0.0,0.0,0.0,0.11538,-0.19071,0.0,0.0,0.0,0.0,0.0,0.0,0.0,,,,,,,,,,,,,,
1,0,1.0,-0.08183,1.0,-0.11326,0.99246,-0.29802,1.0,-0.33075,0.96662,-0.34281,0.85788,-0.47265,0.91904,-0.4817,0.73084,-0.65224,0.68131,-0.63544,0.8245,,,,,,,,,,,,,,
1,0,1.0,1.0,-1.0,1.0,-1.0,-0.82456,0.34649,0.21053,0.46053,0.07018,0.22807,0.05702,0.35088,0.34649,0.72807,-0.03947,0.22807,0.5307,0.0,,,,,,,,,,,,,,
1,0,1.0,0.24077,0.99815,0.00369,0.80244,-0.30133,0.89919,-0.23486,0.70643,-0.24077,0.73855,-0.30539,0.71492,-0.36078,0.47194,-0.61189,0.40473,-0.55059,0.61041,,,,,,,,,,,,,,
0,0,-1.0,1.0,1.0,-1.0,0.0,0.0,0.0,0.0,1.0,-1.0,1.0,1.0,0.0,0.0,1.0,-1.0,0.0,0.0,0.0,,,,,,,,,,,,,,
1,0,0.92247,-0.19448,0.96419,-0.17674,0.87024,-0.22602,0.81702,-0.2707,0.79271,-0.28909,0.70302,-0.49639,0.63338,-0.49967,0.37254,-0.70729,0.2707,-0.72109,0.40506,,,,,,,,,,,,,,
1,0,-1.0,-1.0,-0.50694,1.0,1.0,-1.0,1.0,0.53819,0.0,0.0,0.23958,-1.0,1.0,1.0,0.0,0.0,1.0,1.0,1.0,,,,,,,,,,,,,,
1,0,0.84177,0.4346,0.5,0.7616,0.09916,0.9346,-0.37764,0.88186,-0.72363,0.61181,-0.93882,0.19409,-0.86709,-0.25527,-0.62869,-0.65612,-0.25105,-0.85654,0.16245,,,,,,,,,,,,,,
1,0,1.0,1.0,0.0,0.0,1.0,-1.0,-1.0,-1.0,1.0,1.0,1.0,-1.0,0.0,0.0,1.0,-1.0,1.0,1.0,0.0,,,,,,,,,,,,,,
1,0,1.0,0.63548,1.0,1.0,0.77123,1.0,-0.33333,1.0,-1.0,1.0,0.0,1.0,-1.0,1.0,-1.0,0.0,-1.0,-0.66667,-1.0,,,,,,,,,,,,,,
0,0,-1.0,1.0,-1.0,-1.0,0.0,0.0,-1.0,1.0,1.0,-1.0,-1.0,-1.0,-1.0,1.0,0.0,0.0,-1.0,-1.0,-1.0,,,,,,,,,,,,,,
1,0,1.0,0.06843,1.0,0.14211,1.0,0.22108,1.0,-0.125,1.0,0.39495,1.0,0.48981,1.0,0.58986,-0.375,1.0,1.0,0.0,1.0,,,,,,,,,,,,,,
0,0,-1.0,-1.0,0.0,0.0,0.0,0.0,0.0,0.0,0.0,0.0,0.0,0.0,1.0,-1.0,0.0,0.0,-1.0,-1.0,0.0,,,,,,,,,,,,,,
1,0,0.64947,-0.07896,0.58264,-0.1438,-0.13129,-0.21384,0.29796,0.04403,0.38096,-0.26339,0.28931,-0.31997,0.03459,-0.18947,0.20269,-0.29441,0.15196,-0.29052,0.09513,,,,,,,,,,,,,,
1,0,0.0,0.0,0.0,0.0,0.0,0.0,0.0,0.0,1.0,-0.33333,0.16667,0.26042,0.0,0.0,0.0,0.0,0.0,0.0,-0.19792,,,,,,,,,,,,,,
1,0,1.0,0.05149,0.99363,0.10123,0.96142,0.14756,0.95513,-0.26496,0.66026,0.54701,0.80426,0.25283,0.73781,0.2738,0.66775,0.28714,0.59615,0.29304,0.52494,,,,,,,,,,,,,,
1,0,1.0,-0.09524,-1.0,-1.0,-1.0,-1.0,1.0,0.31746,0.81349,0.7619,-1.0,-1.0,-1.0,1.0,0.47364,1.0,1.0,1.0,0.68839,,,,,,,,,,,,,,
1,0,0.93669,-0.0019,0.60761,0.43204,0.92314,-0.40129,0.93123,0.16828,0.96197,0.09061,0.99676,0.08172,0.91586,0.05097,0.84628,-0.25324,0.87379,-0.14482,0.84871,,,,,,,,,,,,,,
1,0,1.0,-1.0,1.0,1.0,1.0,1.0,1.0,-0.5,1.0,1.0,1.0,1.0,1.0,1.0,0.0,0.0,1.0,1.0,1.0,,,,,,,,,,,,,,
1,0,1.0,0.23058,1.0,-0.78509,1.0,-0.10401,1.0,0.15414,1.0,0.2782,0.9812,-0.06861,1.0,0.0661,0.95802,-0.18954,0.83584,-0.15633,0.974,,,,,,,,,,,,,,
1,0,0.36876,-1.0,-1.0,-1.0,-0.07661,1.0,1.0,0.95041,0.74597,-0.3871,-1.0,-0.79313,-0.09677,1.0,0.48684,0.46502,0.31755,-0.27461,-0.14343,,,,,,,,,,,,,,
1,0,0.79847,0.38265,0.80804,-0.16964,1.0,-0.07653,0.98151,-0.07398,0.70217,0.20663,0.99745,0.02105,0.98214,0.02487,1.0,-0.13074,0.95663,0.07717,1.0,,,,,,,,,,,,,,
0,0,0.0,0.0,0.0,0.0,0.0,0.0,0.0,0.0,0.0,0.0,1.0,1.0,1.0,1.0,1.0,-1.0,0.0,0.0,1.0,,,,,,,,,,,,,,
1,0,1.0,-0.28428,1.0,-0.25346,0.94623,-0.35094,1.0,-0.30566,0.92736,-0.49057,0.90818,-0.44119,0.75723,-0.58899,0.69748,-0.58019,0.59623,-0.57579,0.68459,,,,,,,,,,,,,,
1,0,0.0,0.0,0.0,0.0,0.0,0.0,-0.85,-1.0,0.0,0.0,1.0,-1.0,0.0,0.0,-1.0,-1.0,-1.0,-1.0,1.0,,,,,,,,,,,,,,
1,0,1.0,0.09091,0.95455,-0.09091,0.77273,0.0,1.0,0.0,0.95455,0.0,1.0,0.04545,0.90909,-0.04545,1.0,0.0,1.0,0.0,0.86364,,,,,,,,,,,,,,
0,0,0.0,0.0,-1.0,1.0,1.0,1.0,-1.0,-1.0,0.0,0.0,-1.0,-1.0,-1.0,-0.3125,-1.0,-1.0,1.0,-1.0,1.0,,,,,,,,,,,,,,
1,0,0.91176,-0.08824,0.97059,0.17647,0.82353,0.08824,0.91176,-0.02941,0.97059,-0.17647,0.97059,0.14706,0.94118,0.02941,1.0,0.0,1.0,0.0,0.76471,,,,,,,,,,,,,,
1,0,-1.0,1.0,-1.0,0.15244,0.28354,1.0,-1.0,1.0,-1.0,-1.0,1.0,1.0,-1.0,-0.23476,0.28301,-1.0,1.0,1.0,-0.31402,,,,,,,,,,,,,,
1,0,0.47368,-0.10526,0.83781,0.01756,0.83155,0.02615,0.68421,-0.05263,0.68421,0.0,0.79856,0.05028,0.78315,0.05756,0.84211,0.47368,1.0,0.05263,0.7255,,,,,,,,,,,,,,
1,0,-0.00641,-0.5,0.0,0.0,-0.01923,1.0,0.0,0.0,0.0,0.0,0.0,0.0,0.0,0.0,0.0,0.0,0.3141,0.92949,-0.35256,,,,,,,,,,,,,,
1,0,1.0,0.45455,1.0,0.54545,0.81818,0.63636,1.0,-0.09091,1.0,0.0,0.81818,-0.45455,0.63636,0.27273,1.0,-0.63636,1.0,-0.27273,0.90909,,,,,,,,,,,,,,
0,0,-1.0,-1.0,1.0,-1.0,-1.0,1.0,0.0,0.0,1.0,-1.0,1.0,-1.0,0.0,0.0,0.0,0.0,0.0,0.0,-1.0,,,,,,,,,,,,,,
1,0,0.45455,0.09091,0.63636,0.09091,0.27273,0.18182,0.63636,0.0,0.36364,-0.09091,0.45455,-0.09091,0.48612,-0.01343,0.63636,-0.18182,0.45455,0.0,0.36364,,,,,,,,,,,,,,
1,0,-1.0,-0.59677,0.0,0.0,-1.0,0.64516,-0.87097,1.0,0.0,0.0,0.0,0.0,0.0,0.0,0.0,0.0,0.0,0.0,-1.0,,,,,,,,,,,,,,
1,0,1.0,0.14286,1.0,0.71429,1.0,0.71429,1.0,-0.14286,0.85714,-0.14286,1.0,0.02534,1.0,0.0,0.42857,-0.14286,1.0,0.03617,1.0,,,,,,,,,,,,,,
0,0,1.0,1.0,1.0,-1.0,1.0,1.0,1.0,1.0,1.0,1.0,1.0,-1.0,1.0,1.0,1.0,-1.0,1.0,-1.0,1.0,,,,,,,,,,,,,,
1,0,0.87032,0.46972,0.53945,0.82161,0.1038,0.95275,-0.38033,0.87916,-0.73939,0.58226,-0.92099,0.16731,-0.82417,-0.24942,-0.59383,-0.63342,-0.24012,-0.82881,0.18823,,,,,,,,,,,,,,
0,0,1.0,-1.0,1.0,1.0,1.0,-1.0,1.0,1.0,1.0,-1.0,1.0,-1.0,1.0,-1.0,1.0,1.0,1.0,1.0,1.0,,,,,,,,,,,,,,
1,0,0.92657,0.04174,0.89266,0.15766,0.86098,0.19791,0.83675,0.36526,0.80619,0.40198,0.76221,0.40552,0.66586,0.4836,0.60101,0.51752,0.53392,0.5218,0.48435,,,,,,,,,,,,,,
0,0,1.0,1.0,1.0,-1.0,1.0,-1.0,1.0,1.0,0.0,0.0,1.0,-1.0,0.0,0.0,0.0,0.0,0.0,0.0,-1.0,,,,,,,,,,,,,,
1,0,0.93537,0.13645,0.93716,0.25359,0.85705,0.38779,0.79039,0.47127,0.72352,0.59942,0.6526,0.75,0.5083,0.73586,0.41629,0.82742,0.25539,0.85952,0.13712,,,,,,,,,,,,,,
0,0,1.0,-1.0,-1.0,1.0,-1.0,1.0,1.0,1.0,1.0,1.0,-1.0,-1.0,-1.0,-1.0,1.0,1.0,1.0,-1.0,-1.0,,,,,,,,,,,,,,
1,0,0.80627,0.13069,0.73061,0.24323,0.64615,0.19038,0.36923,0.45577,0.44793,0.46439,0.25,0.57308,0.25192,0.37115,0.15215,0.51877,-0.09808,0.575,-0.03462,,,,,,,,,,,,,,
0,0,1.0,-1.0,1.0,1.0,1.0,-1.0,1.0,1.0,1.0,-1.0,1.0,1.0,1.0,-1.0,1.0,-1.0,1.0,1.0,1.0,,,,,,,,,,,,,,
1,0,0.97467,0.13082,0.9412,0.20036,0.88783,0.32248,0.89009,0.32711,0.8555,0.45217,0.72298,0.52284,0.69946,0.5882,0.58548,0.66893,0.48869,0.70398,0.44245,,,,,,,,,,,,,,
0,0,0.0,0.0,1.0,1.0,0.0,0.0,1.0,1.0,0.0,0.0,1.0,-1.0,0.0,0.0,0.0,0.0,0.0,0.0,0.0,,,,,,,,,,,,,,
1,0,0.92308,0.15451,0.86399,0.29757,0.72582,0.3679,0.70588,0.5683,0.57449,0.62719,0.4327,0.74676,0.31705,0.67697,0.19128,0.76818,0.04686,0.76171,-0.12064,,,,,,,,,,,,,,
0,0,0.0,0.0,1.0,1.0,1.0,1.0,0.0,0.0,0.0,0.0,-1.0,-1.0,0.0,0.0,-1.0,-1.0,0.0,0.0,0.0,,,,,,,,,,,,,,
1,0,0.88804,0.38138,0.65926,0.69431,0.29148,0.87892,-0.06726,0.90135,-0.39597,0.80441,-0.64574,0.56502,-0.8296,0.26906,-0.7894,-0.08205,-0.6278,-0.30942,-0.46637,,,,,,,,,,,,,,
0,0,1.0,-1.0,1.0,1.0,1.0,1.0,1.0,1.0,1.0,1.0,1.0,-1.0,1.0,1.0,1.0,1.0,1.0,-1.0,1.0,,,,,,,,,,,,,,
1,0,0.73523,-0.38293,0.80151,0.10278,0.78826,0.15266,0.5558,0.05252,1.0,0.21225,0.71947,0.28954,0.68798,0.32925,0.49672,0.17287,0.64333,-0.02845,0.57399,,,,,,,,,,,,,,
0,0,0.0,0.0,0.0,0.0,0.0,0.0,0.0,0.0,0.0,0.0,0.0,0.0,0.0,0.0,0.0,0.0,0.0,0.0,0.0,,,,,,,,,,,,,,
1,0,0.94649,0.00892,0.97287,-0.0026,0.98922,0.00372,0.95801,0.01598,0.94054,0.0353,0.97213,0.04719,0.98625,0.01858,0.94277,0.07135,0.98551,-0.00706,0.9777,,,,,,,,,,,,,,
0,0,1.0,1.0,-1.0,-1.0,-1.0,-1.0,0.0,0.0,0.0,0.0,-1.0,-1.0,0.0,0.0,0.0,0.0,0.0,0.0,-1.0,,,,,,,,,,,,,,
1,0,0.50466,-0.169,0.71442,0.01513,0.71063,0.02258,0.68065,0.01282,0.34615,0.05594,0.6905,0.04393,0.68101,0.05058,0.67023,0.05692,0.63403,-0.04662,0.64503,,,,,,,,,,,,,,
1,0,0.68729,1.0,0.91973,-0.76087,0.81773,0.04348,0.76087,0.10702,0.86789,0.73746,0.70067,0.18227,0.7592,0.13712,0.93478,-0.25084,0.70736,0.18729,0.64883,,,,,,,,,,,,,,
1,0,0.76296,-0.07778,1.0,-0.2963,1.0,-0.85741,0.8,0.06111,0.45556,-0.42778,1.0,-0.12581,1.0,-0.83519,0.49259,0.01852,0.82222,-0.05926,0.98215,,,,,,,,,,,,,,
1,0,0.38521,0.15564,0.41245,0.07393,0.26459,0.24125,0.23346,0.1323,0.19455,0.25292,0.24514,0.36965,0.08949,0.22957,-0.03891,0.36965,0.05058,0.24903,0.24903,,,,,,,,,,,,,,
1,0,0.5754,-0.03175,0.75198,-0.05357,0.61508,-0.0119,0.53968,0.03373,0.61706,0.09921,0.59127,-0.02381,0.62698,0.0119,0.70833,0.02579,0.60317,0.01587,0.47817,,,,,,,,,,,,,,
1,0,0.06404,-0.15271,-0.04433,0.05911,0.08374,-0.02463,-0.01478,0.18719,0.06404,0.0,0.12315,-0.09852,0.05911,0.0,0.0197,-0.02956,-0.12808,-0.2069,0.06897,,,,,,,,,,,,,,
1,0,0.61857,0.1085,0.70694,-0.06935,0.70358,0.01678,0.74273,0.00224,0.71029,0.15772,0.71588,-0.00224,0.79754,0.066,0.83669,-0.16555,0.6868,-0.0906,0.62528,,,,,,,,,,,,,,
1,0,0.25316,0.35949,0.0,0.0,-0.2962,-1.0,0.0,0.0,0.07595,-0.07342,0.0,0.0,0.0,0.0,0.0,0.0,0.0,0.0,0.00759,,,,,,,,,,,,,,
1,0,0.88103,-0.00857,0.89818,-0.02465,0.94105,-0.01822,0.89175,-0.12755,0.82208,-0.10932,0.88853,0.01179,0.90782,-0.13719,0.87138,-0.06109,0.90782,-0.02358,0.87996,,,,,,,,,,,,,,
1,0,0.42708,-0.5,0.0,0.0,0.0,0.0,0.46458,0.51042,0.58958,0.02083,0.0,0.0,0.0,0.0,0.16458,-0.45417,0.59167,-0.18333,0.0,,,,,,,,,,,,,,
1,0,0.88853,0.01631,0.92007,0.01305,0.92442,0.01359,0.89179,-0.10223,0.90103,-0.08428,0.9304,-0.01033,0.93094,-0.08918,0.86025,-0.05057,0.89451,-0.04024,0.88418,,,,,,,,,,,,,,
1,0,0.0,0.0,1.0,0.12889,0.88444,-0.02,0.0,0.0,1.0,-0.42444,1.0,0.19556,1.0,-0.05333,1.0,-0.81556,0.0,0.0,1.0,,,,,,,,,,,,,,
1,0,0.81143,0.03714,0.85143,-0.00143,0.79,0.00714,0.79571,-0.04286,0.87571,0.0,0.85571,-0.06714,0.86429,0.00286,0.82857,-0.05429,0.81,-0.11857,0.76857,,,,,,,,,,,,,,
1,0,0.0,0.0,0.0,0.0,0.0,0.0,0.0,0.0,0.0,0.0,-1.0,1.0,1.0,0.55172,0.0,0.0,0.0,0.0,0.0,,,,,,,,,,,,,,
1,0,0.4987,0.01818,0.43117,-0.0961,0.50649,-0.04156,0.5013,0.0961,0.44675,0.05974,0.55844,-0.11948,0.51688,-0.03636,0.52727,-0.05974,0.55325,-0.01039,0.48571,,,,,,,,,,,,,,
0,0,0.0,0.0,0.0,0.0,0.0,0.0,0.0,0.0,0.0,0.0,0.0,0.0,0.0,0.0,0.0,0.0,0.0,0.0,0.0,,,,,,,,,,,,,,
1,0,1.0,0.5,1.0,0.25,0.25,1.0,0.16851,0.9118,-0.13336,0.80454,-0.34107,0.60793,-0.4382,0.37856,-0.43663,0.16709,-0.36676,0.00678,-0.26477,,,,,,,,,,,,,,
1,0,0.0,0.0,0.0,0.0,1.0,1.0,-1.0,-1.0,0.0,0.0,1.0,-0.11111,0.0,0.0,0.0,0.0,-1.0,1.0,1.0,,,,,,,,,,,,,,
1,0,0.87048,0.38027,0.64099,0.69212,0.31347,0.86625,-0.03933,0.9074,-0.42173,0.79346,-0.70561,0.5156,-0.81049,0.22735,-0.81136,-0.12539,-0.67474,-0.38102,-0.38334,,,,,,,,,,,,,,
1,0,0.0,0.0,0.0,0.0,0.0,0.0,-1.0,1.0,0.0,0.0,1.0,0.37333,-0.12,-0.12,0.0,0.0,-1.0,-1.0,0.0,,,,,,,,,,,,,,
1,0,0.88179,0.43491,0.59573,0.77655,0.19672,0.94537,-0.24103,0.92544,-0.62526,0.71257,-0.86443,0.33652,-0.92384,-0.05338,-0.77356,-0.44707,-0.4695,-0.73285,-0.10237,,,,,,,,,,,,,,
1,0,0.32834,0.0252,0.15236,0.21278,0.14919,0.74003,-0.25706,0.92324,-0.10312,0.1938,-0.61352,0.25786,-0.94053,-0.05409,-0.13117,-0.14329,-0.30315,-0.44615,-0.11409,,,,,,,,,,,,,,
1,0,0.83427,0.39121,0.5404,0.78579,0.12326,0.89402,-0.33221,0.83578,-0.70086,0.59564,-0.86622,0.21909,-0.84442,-0.24164,-0.59714,-0.61894,-0.19354,-0.87787,0.12439,,,,,,,,,,,,,,
1,0,0.62335,-0.0349,0.59085,0.00481,0.60409,-0.07461,0.63177,0.00963,0.62455,-0.07461,0.67028,0.0722,0.62936,-0.08424,0.67509,0.09146,0.67148,0.0,0.58965,,,,,,,,,,,,,,
1,0,0.74449,-0.0239,0.70772,0.03309,0.72243,0.16912,0.79228,0.07721,0.81434,0.43934,0.63787,0.00551,0.70772,0.21691,1.0,0.06066,0.61029,0.05147,0.67463,,,,,,,,,,,,,,
1,0,0.61538,0.18923,0.78157,0.0178,0.77486,0.02647,0.65077,-0.10308,0.77538,0.08,0.73961,0.0506,0.72322,0.05776,0.68615,-0.08923,0.61692,0.16308,0.66233,,,,,,,,,,,,,,
1,0,0.68317,0.05375,0.84803,0.00202,0.84341,0.00301,0.843,0.09901,0.75813,0.04102,0.81892,0.00585,0.80738,0.00673,0.80622,-0.12447,0.77935,-0.03536,0.76365,,,,,,,,,,,,,,
1,0,0.5,0.0,0.38696,0.10435,0.4913,0.06522,0.46957,-0.03913,0.35652,-0.12609,0.45652,0.04783,0.50435,0.02609,0.35652,0.19565,0.42174,0.14783,0.42174,,,,,,,,,,,,,,
1,0,0.7983,0.09417,0.78129,0.20656,0.71628,0.28068,0.6932,0.41252,0.65917,0.50122,0.57898,0.60814,0.4921,0.58445,0.33354,0.67861,0.29587,0.63548,0.09599,,,,,,,,,,,,,,
1,0,1.0,0.09802,1.0,0.25101,0.9839,0.33044,0.80365,0.5302,0.74977,0.60297,0.56937,0.71942,0.55311,0.74079,0.29452,0.82193,0.21137,0.79777,0.09709,,,,,,,,,,,,,,
1,0,0.8941,0.13425,0.87001,0.31543,0.78896,0.43388,0.63388,0.59975,0.54003,0.71016,0.39699,0.76161,0.24266,0.79523,0.09134,0.79598,-0.09159,0.76261,-0.20201,,,,,,,,,,,,,,
1,0,0.94631,0.17498,0.90946,0.33143,0.85096,0.4996,0.73678,0.63842,0.59215,0.73838,0.48698,0.83614,0.30459,0.90665,0.17959,0.93429,-0.00701,0.93109,-0.1888,,,,,,,,,,,,,,
1,0,0.91767,0.18198,0.8609,0.35543,0.72873,0.45747,0.60425,0.69865,0.50376,0.74922,0.361,0.81795,0.15664,0.83558,0.00396,0.8521,-0.1639,0.77853,-0.35996,,,,,,,,,,,,,,
1,0,0.76627,0.21106,0.63935,0.38112,0.48409,0.525,0.15,0.22273,0.13753,0.59565,-0.07727,0.44545,0.0,0.48636,-0.27491,0.42014,-0.56136,0.36818,-0.36591,,,,,,,,,,,,,,
1,0,0.5894,-0.60927,0.8543,0.55298,0.81126,0.07285,0.56623,0.16225,0.32781,0.24172,0.50331,0.12252,0.63907,0.19868,0.71854,0.42715,0.54305,0.13907,0.65232,,,,,,,,,,,,,,
1,0,1.0,0.11385,0.70019,-0.12144,0.81594,0.09677,0.71157,0.01139,0.56167,-0.0778,0.6907,0.12524,0.58634,0.03985,0.53131,-0.03416,0.6945,0.16888,0.72676,,,,,,,,,,,,,,
1,0,0.84843,0.06794,0.80562,-0.02299,0.77031,-0.03299,0.66725,-0.0662,0.59582,-0.07666,0.6726,-0.05771,0.6426,-0.06438,0.39199,0.0453,0.71254,0.01394,0.5597,,,,,,,,,,,,,,
1,0,1.0,0.08013,0.96775,-0.00482,0.96683,-0.00722,0.8798,-0.03923,1.0,0.01419,0.96186,-0.01436,0.95947,-0.01671,0.98497,0.01002,0.91152,-0.08848,0.95016,,,,,,,,,,,,,,
1,0,0.47938,-0.12371,0.42784,-0.12371,0.70103,-0.39175,0.73196,0.07216,0.26289,-0.21649,0.49485,0.15979,0.45361,-0.11856,0.42268,0.06186,0.5,-0.2732,0.54639,,,,,,,,,,,,,,
1,0,0.6351,-0.04388,0.7653,0.02968,0.61432,0.36028,0.65358,-0.00462,0.64203,0.08314,0.79446,-0.43418,0.72517,0.54965,0.59584,0.13857,0.6351,0.2194,0.63279,,,,,,,,,,,,,,
1,0,0.50112,-0.03596,0.61124,0.01348,0.58876,0.01573,0.58876,0.02472,0.66742,-0.00449,0.71685,-0.04719,0.66517,0.00899,0.57303,0.02472,0.64719,-0.07416,0.56854,,,,,,,,,,,,,,
1,0,0.71521,-0.00647,0.66667,-0.04207,0.63107,-0.05178,0.77994,0.08091,0.67314,0.09709,0.64725,0.15858,0.60194,-0.01942,0.54369,-0.04531,0.46926,-0.10032,0.64725,,,,,,,,,,,,,,
1,0,0.68148,0.1037,0.77037,0.03457,0.65185,0.08148,0.60988,-0.00494,0.79012,0.11852,0.59753,0.04938,0.62469,0.0963,0.78272,-0.17531,0.73827,-0.10864,0.48642,,,,,,,,,,,,,,
1,0,0.60678,-0.02712,0.67119,0.04068,0.52881,-0.04407,0.50508,0.03729,0.70508,-0.07797,0.57966,-0.02034,0.5322,0.07797,0.64068,0.11864,0.56949,-0.02373,0.5322,,,,,,,,,,,,,,
1,0,0.49515,0.09709,0.29612,0.05825,0.34951,0.0,0.57282,-0.02427,0.58252,0.02427,0.33495,0.04854,0.52427,0.00485,0.47087,-0.1068,0.43204,0.00485,0.34951,,,,,,,,,,,,,,
1,0,0.98822,0.02187,0.93102,0.341,0.83904,0.35222,0.74706,0.48906,0.73584,0.51879,0.55076,0.60179,0.4313,0.66237,0.318,0.70443,0.28379,0.68873,0.07515,,,,,,,,,,,,,,
1,0,0.97905,0.1581,0.90112,0.35237,0.82039,0.48561,0.7176,0.64888,0.58827,0.73743,0.40349,0.83156,0.2514,0.84804,0.047,0.85475,-0.12193,0.79749,-0.2618,,,,,,,,,,,,,,
1,0,0.99701,0.21677,0.91966,0.4703,0.76902,0.62415,0.53312,0.7812,0.36774,0.88291,0.10107,0.83312,-0.06827,0.89274,-0.28269,0.72073,-0.43707,0.61688,-0.55769,,,,,,,,,,,,,,
1,0,0.94331,0.19959,0.96132,0.40803,0.80514,0.56569,0.56687,0.7083,0.41836,0.8323,0.14939,0.89489,0.05167,0.93682,-0.24742,0.83939,-0.42811,0.75554,-0.50251,,,,,,,,,,,,,,
1,0,0.93972,0.28082,0.80486,0.52821,0.58167,0.73151,0.34961,0.80511,0.10797,0.90403,-0.20015,0.89335,-0.3973,0.82163,-0.58835,0.62867,-0.76305,0.40368,-0.81262,,,,,,,,,,,,,,
1,0,0.89835,0.35157,0.67333,0.62233,0.43898,0.94353,-0.03643,0.8051,-0.22838,0.75334,-0.25137,0.48816,-0.57377,0.28415,-0.6675,0.10591,-0.47359,-0.06193,-0.81056,,,,,,,,,,,,,,
1,0,0.29073,0.10025,0.23308,0.17293,0.03759,0.34336,0.1203,0.26316,0.06266,0.21303,-0.04725,0.12767,-0.06333,0.07907,-0.06328,0.04097,-0.05431,0.01408,-0.04166,,,,,,,,,,,,,,
1,0,0.58459,-0.35526,1.0,0.35338,0.75376,-0.00564,0.82519,0.19361,0.50188,-0.27632,0.65977,0.06391,0.69737,0.14662,0.72368,-0.42669,0.76128,0.04511,0.66917,,,,,,,,,,,,,,
1,0,0.83609,0.13215,0.72171,0.06059,0.65829,0.08315,0.23888,0.12961,0.43837,0.2033,0.49418,0.12686,0.44747,0.13507,0.29352,0.02922,0.48158,0.15756,0.32835,,,,,,,,,,,,,,
1,0,0.9408,0.11933,0.85738,0.01038,0.85124,0.01546,0.76966,-0.00278,0.84459,0.10916,0.83289,0.03027,0.8268,0.03506,0.74838,0.01943,0.80019,0.02405,0.80862,,,,,,,,,,,,,,
1,0,0.87111,0.04326,0.79946,0.18297,0.99009,0.29292,0.89455,-0.08337,0.88598,-0.02028,0.90446,-0.26724,0.8941,0.19964,0.88644,-0.04642,0.84452,-0.00991,0.97882,,,,,,,,,,,,,,
1,0,0.74916,0.02549,0.98994,0.09792,0.75855,0.12877,0.74313,-0.09188,0.95842,0.02482,0.97921,-0.00469,0.9611,0.10195,0.91482,0.03756,0.71026,0.02683,0.81221,,,,,,,,,,,,,,
1,0,0.47337,0.19527,0.06213,-0.18343,0.62316,0.01006,0.45562,-0.04438,0.56509,0.01775,0.44675,0.27515,0.71598,-0.03846,0.55621,0.12426,0.4142,0.11538,0.52767,,,,,,,,,,,,,,
1,0,0.59887,0.14689,0.69868,-0.13936,0.85122,-0.13936,0.80979,0.02448,0.50471,0.02825,0.6742,-0.0452,0.80791,-0.13748,0.51412,-0.24482,0.81544,-0.14313,0.70245,,,,,,,,,,,,,,
1,0,0.84713,-0.03397,0.86412,-0.08493,0.81953,0.0,0.73673,-0.07643,0.71975,-0.13588,0.74947,-0.11677,0.77495,-0.18684,0.78132,-0.21231,0.61996,-0.10191,0.79193,,,,,,,,,,,,,,
1,0,0.87772,-0.08152,0.83424,0.07337,0.84783,0.04076,0.77174,-0.02174,0.77174,-0.05707,0.82337,-0.10598,0.67935,-0.00543,0.88043,-0.20924,0.83424,0.03261,0.86413,,,,,,,,,,,,,,
1,0,0.74704,-0.13241,0.53755,0.16996,0.72727,0.09486,0.69565,-0.11067,0.66798,-0.23518,0.87945,-0.1917,0.73715,0.0415,0.63043,-0.00395,0.63636,-0.11858,0.79249,,,,,,,,,,,,,,
1,0,0.46785,0.11308,0.5898,0.00665,0.55432,0.06874,0.47894,-0.13969,0.52993,0.0133,0.63858,-0.16186,0.67849,-0.03326,0.54545,-0.13525,0.52993,-0.04656,0.47894,,,,,,,,,,,,,,
1,0,0.88116,0.27475,0.72125,0.42881,0.61559,0.63662,0.38825,0.90502,0.09831,0.96128,-0.20097,0.892,-0.35737,0.775,-0.65114,0.6221,-0.78768,0.45535,-0.81856,,,,,,,,,,,,,,
1,0,0.93147,0.29282,0.79917,0.55756,0.59952,0.71596,0.26203,0.92651,0.04636,0.96748,-0.23237,0.9513,-0.55926,0.81018,-0.73329,0.62385,-0.90995,0.362,-0.92254,,,,,,,,,,,,,,
1,0,0.88241,0.30634,0.73232,0.57816,0.34109,0.58527,0.05717,1.0,-0.09238,0.92118,-0.62403,0.71996,-0.69767,0.32558,-0.81422,0.41195,-1.0,-0.00775,-0.78973,,,,,,,,,,,,,,
1,0,0.83479,0.28993,0.69256,0.47702,0.49234,0.68381,0.21991,0.86761,-0.08096,0.85011,-0.35558,0.77681,-0.52735,0.58425,-0.7035,0.31291,-0.75821,0.03939,-0.71225,,,,,,,,,,,,,,
1,0,0.9287,0.33164,0.76168,0.62349,0.49305,0.84266,0.21592,0.95193,-0.13956,0.96167,-0.47202,0.8359,-0.70747,0.6549,-0.87474,0.3675,-0.91814,0.05595,-0.89824,,,,,,,,,,,,,,
1,0,0.83367,0.31456,0.65541,0.57671,0.34962,0.70677,0.17293,0.78947,-0.18976,0.79886,-0.41729,0.66541,-0.68421,0.47744,-0.74725,0.19492,-0.7218,-0.04887,-0.6203,,,,,,,,,,,,,,
1,0,0.98455,-0.02736,0.98058,-0.04104,1.0,-0.07635,0.9872,0.01456,0.95278,-0.02604,0.985,-0.07458,0.99382,-0.07149,0.97396,-0.09532,0.97264,-0.12224,0.99294,,,,,,,,,,,,,,
1,0,0.94052,-0.01531,0.9417,0.01001,0.94994,-0.01472,0.95878,-0.0106,0.94641,-0.0371,0.97173,-0.01767,0.97055,-0.03887,0.95465,-0.04064,0.9523,-0.04711,0.94229,,,,,,,,,,,,,,
1,0,0.97032,-0.14384,0.91324,-0.00228,0.96575,-0.17123,0.9863,0.18265,0.91781,0.00228,0.93607,-0.08447,0.91324,-0.00228,0.86758,-0.08676,0.97032,-0.21233,1.0,,,,,,,,,,,,,,
1,0,0.52542,-0.0339,0.94915,0.08475,0.52542,-0.16949,0.30508,-0.01695,0.50847,-0.13559,0.64407,0.28814,0.83051,-0.35593,0.54237,0.01695,0.55932,0.0339,0.59322,,,,,,,,,,,,,,
1,0,0.33333,-0.25,0.44444,0.22222,0.38889,0.16667,0.41667,0.13889,0.5,-0.11111,0.54911,-0.08443,0.58333,0.33333,0.55556,0.02778,0.25,-0.19444,0.47222,,,,,,,,,,,,,,
1,0,0.51207,1.0,1.0,0.5381,0.71178,0.80833,0.45622,0.46427,0.33081,1.0,0.21249,1.0,-0.17416,1.0,-0.33081,0.98722,-0.61382,1.0,-0.52674,,,,,,,,,,,,,,
1,0,0.75564,0.49638,0.8355,0.54301,0.54916,0.72063,0.35225,0.70792,0.13469,0.94749,-0.09818,0.93778,-0.37604,0.82223,-0.52742,0.71161,-0.68358,0.67989,-0.70163,,,,,,,,,,,,,,
1,0,0.83789,0.42904,0.72113,0.58385,0.45625,0.78115,0.1647,0.82732,-0.13012,0.86947,-0.46177,0.78497,-0.59435,0.5207,-0.7847,0.26529,-0.84014,0.03928,-0.62041,,,,,,,,,,,,,,
1,0,0.93658,0.35107,0.75254,0.6564,0.45571,0.88576,0.15323,0.95776,-0.21775,0.96301,-0.56535,0.83397,-0.78751,0.58045,-0.93104,0.2602,-0.93641,-0.06418,-0.87028,,,,,,,,,,,,,,
1,0,0.92436,0.36924,0.71976,0.6842,0.29303,0.94078,-0.11108,0.76527,-0.31605,0.92453,-0.66616,0.78766,-0.92145,0.42314,-0.94315,0.09585,-1.0,0.03191,-0.66431,,,,,,,,,,,,,,
1,0,1.0,0.16195,1.0,-0.05558,1.0,0.01373,1.0,-0.12352,1.0,-0.01511,1.0,-0.01731,1.0,-0.06374,1.0,-0.07157,1.0,0.059,1.0,,,,,,,,,,,,,,
1,0,0.95559,-0.00155,0.86421,-0.13244,0.94982,-0.00461,0.82809,-0.51171,0.92441,0.10368,1.0,-0.14247,0.99264,-0.02542,0.95853,-0.15518,0.84013,0.61739,1.0,,,,,,,,,,,,,,
1,0,0.79378,0.29492,0.64064,0.52312,0.41319,0.68158,0.14177,0.83548,-0.16831,0.78772,-0.42911,0.72328,-0.57165,0.41471,-0.75436,0.16755,-0.69977,-0.09856,-0.57695,,,,,,,,,,,,,,
1,0,0.88085,0.35232,0.68389,0.65128,0.34816,0.79784,0.05832,0.90842,-0.29784,0.8649,-0.62635,0.6959,-0.77106,0.39309,-0.85803,0.08408,-0.81641,-0.24017,-0.64579,,,,,,,,,,,,,,
1,0,0.89589,0.39286,0.66129,0.71804,0.29521,0.90824,-0.04787,0.94415,-0.45725,0.84605,-0.7766,0.58511,-0.92819,0.25133,-0.92282,-0.15315,-0.76064,-0.48404,-0.50931,,,,,,,,,,,,,,
1,0,1.0,-0.24051,1.0,-0.20253,0.87342,-0.10127,0.88608,0.01266,1.0,0.11392,0.92405,0.06329,0.8481,-0.03797,0.63291,-0.36709,0.87342,-0.01266,0.93671,,,,,,,,,,,,,,
1,0,0.7479,0.0084,0.83312,0.01659,0.82638,0.02469,0.86555,0.01681,0.60504,0.05882,0.79093,0.04731,0.77441,0.05407,0.64706,0.19328,0.84034,0.04202,0.71285,,,,,,,,,,,,,,
1,0,0.85013,0.01809,0.92211,0.01456,0.92046,0.0218,0.92765,0.0801,0.87597,0.1137,0.91161,0.0432,0.90738,0.05018,0.87339,0.02842,0.95866,0.0,0.89097,,,,,,,,,,,,,,
1,0,1.0,-0.01179,1.0,-0.00343,1.0,-0.01565,1.0,-0.01565,1.0,-0.02809,1.0,-0.02187,0.99828,-0.03087,0.99528,-0.03238,0.99314,-0.03452,1.0,,,,,,,,,,,,,,
1,0,0.89505,-0.03168,0.87525,0.05545,0.89505,0.01386,0.92871,0.02772,0.91287,-0.0099,0.94059,-0.01584,0.91881,0.03366,0.93663,0.0,0.94257,0.01386,0.90495,,,,,,,,,,,,,,
1,0,0.90071,0.01773,1.0,-0.01773,0.90071,0.00709,0.84752,0.05674,1.0,0.03546,0.97872,0.01064,0.97518,0.03546,1.0,-0.03191,0.89716,-0.03191,0.8617,,,,,,,,,,,,,,
1,0,0.39394,-0.24242,0.62655,0.0127,0.45455,0.09091,0.63636,0.09091,0.21212,-0.21212,0.57576,0.15152,0.39394,0.0,0.56156,0.04561,0.51515,0.0303,0.78788,,,,,,,,,,,,,,
1,0,0.86689,0.3595,0.72014,0.66667,0.37201,0.83049,0.08646,0.85893,-0.24118,0.86121,-0.51763,0.67577,-0.68714,0.41524,-0.77019,0.09898,-0.69397,-0.13652,-0.49488,,,,,,,,,,,,,,
1,0,0.89563,0.37917,0.67311,0.69438,0.35916,0.88696,-0.04193,0.93345,-0.38875,0.84414,-0.67274,0.62078,-0.8268,0.30356,-0.8615,-0.05365,-0.73564,-0.34275,-0.51778,,,,,,,,,,,,,,
1,0,0.90547,0.41113,0.65354,0.74761,0.29921,0.95905,-0.13342,0.9782,-0.52236,0.83263,-0.79657,0.55086,-0.96631,0.15192,-0.93001,-0.25554,-0.71863,-0.59379,-0.41546,,,,,,,,,,,,,,
1,0,1.0,1.0,0.367,0.06158,0.12993,0.92713,-0.27586,0.93596,-0.31527,0.37685,-0.87192,0.36946,-0.92857,-0.08867,-0.38916,-0.34236,-0.46552,-0.82512,-0.05419,,,,,,,,,,,,,,
1,0,1.0,0.51515,0.45455,0.33333,0.06061,0.36364,-0.32104,0.73062,-0.45455,0.48485,-0.57576,0.0,-0.57576,-0.12121,-0.33333,-0.48485,-0.09091,-0.84848,0.48485,,,,,,,,,,,,,,
1,0,0.8811,0.0,0.94817,-0.02744,0.93598,-0.0122,0.90244,0.01829,0.90244,0.01829,0.93902,0.00915,0.95732,0.00305,1.0,0.02744,0.94207,-0.0122,0.90854,,,,,,,,,,,,,,
1,0,0.82624,0.08156,0.79078,-0.08156,0.90426,-0.01773,0.92908,0.01064,0.80142,0.08865,0.94681,-0.00709,0.94326,0.0,0.93262,0.20213,0.95035,-0.00709,0.91489,,,,,,,,,,,,,,
1,0,0.74468,0.10638,0.88706,0.00982,0.88542,0.01471,0.87234,-0.01418,0.7305,0.10638,0.87657,0.02912,0.87235,0.03382,0.95745,0.07801,0.95035,0.04255,0.85597,,,,,,,,,,,,,,
1,0,0.87578,0.03727,0.89951,0.00343,0.8921,0.0051,0.86335,0.0,0.95031,0.07453,0.87021,0.00994,0.86303,0.01151,0.83851,-0.06211,0.85714,0.02484,0.84182,,,,,,,,,,,,,,
1,0,0.97513,0.0071,0.98579,0.01954,1.0,0.01954,0.9929,0.01599,0.95737,0.02309,0.97158,0.03552,1.0,0.0373,0.97869,0.02131,0.98579,0.05684,0.97158,,,,,,,,,,,,,,
1,0,1.0,0.01105,1.0,0.01105,1.0,0.0232,0.99448,-0.01436,0.99448,-0.00221,0.98343,0.0232,1.0,0.00884,0.97569,0.00773,0.97901,0.01657,0.98011,,,,,,,,,,,,,,
1,0,1.0,-0.01342,1.0,0.01566,1.0,-0.00224,1.0,0.06264,0.97763,0.04474,0.95973,0.02908,1.0,0.06488,0.98881,0.03356,1.0,0.03579,0.99776,,,,,,,,,,,,,,
1,0,0.8842,0.36724,0.67123,0.67382,0.39613,0.86399,0.02424,0.93182,-0.35148,0.83713,-0.60316,0.58842,-0.78658,0.38778,-0.83285,-0.00642,-0.69318,-0.32963,-0.52504,,,,,,,,,,,,,,
1,0,0.90147,0.41786,0.64131,0.75725,0.3044,0.95148,-0.20449,0.96534,-0.55483,0.81191,-0.81857,0.50949,-0.96986,0.10345,-0.91456,-0.31412,-0.70163,-0.65461,-0.32354,,,,,,,,,,,,,,
1,0,0.32789,0.11042,0.1597,0.29308,0.1402,0.74485,-0.25131,0.91993,-0.16503,0.26664,-0.63714,0.24865,-0.9765,-0.00337,-0.23227,-0.19909,-0.30522,-0.48886,-0.14426,,,,,,,,,,,,,,
1,0,0.65845,0.43617,0.44681,0.74804,0.05319,0.85106,-0.32027,0.82139,-0.68253,0.52408,-0.84211,0.07111,-0.82811,-0.28723,-0.47032,-0.71725,-0.04759,-0.86002,0.23292,,,,,,,,,,,,,,
1,0,0.19466,0.05725,0.04198,0.25191,-0.10557,0.48866,-0.18321,-0.18321,-0.41985,0.06107,-0.4542,0.0916,-0.16412,-0.30534,-0.10305,-0.39695,0.18702,-0.17557,0.34012,,,,,,,,,,,,,,
1,0,0.98002,0.00075,1.0,0.0,0.98982,-0.00075,0.94721,0.02394,0.977,0.0213,0.97888,0.03073,0.9917,0.02338,0.93929,0.05713,0.93552,0.05279,0.97738,,,,,,,,,,,,,,
1,0,0.82254,-0.07572,0.80462,0.00231,0.87514,-0.01214,0.86821,-0.07514,0.72832,-0.11734,0.84624,0.05029,0.83121,-0.07399,0.74798,0.06705,0.78324,0.06358,0.86763,,,,,,,,,,,,,,
1,0,0.35346,-0.13768,0.69387,-0.02423,0.68195,-0.03574,0.55717,-0.06119,0.61836,-0.10467,0.62099,-0.06527,0.59361,-0.07289,0.42271,-0.26409,0.58213,0.04992,0.49736,,,,,,,,,,,,,,
1,0,0.76046,0.01092,0.86335,0.00258,0.85821,0.00384,0.79988,0.02304,0.81504,0.12068,0.83096,0.00744,0.81815,0.00854,0.82777,-0.06974,0.76531,0.03881,0.76979,,,,,,,,,,,,,,
1,0,0.66667,-0.01366,0.97404,0.06831,0.4959,0.50137,0.75683,-0.00273,0.65164,-0.14071,0.40164,-0.48907,0.39208,0.58743,0.76776,0.31831,0.78552,0.11339,0.47541,,,,,,,,,,,,,,
1,0,0.83508,0.08298,0.73739,-0.14706,0.84349,-0.05567,0.90441,-0.04622,0.89391,0.1313,0.81197,0.06723,0.79307,-0.08929,1.0,-0.02101,0.96639,0.06618,0.87605,,,,,,,,,,,,,,
1,0,0.95113,0.00419,0.95183,-0.02723,0.93438,-0.0192,0.9459,0.01606,0.9651,0.03281,0.94171,0.0733,0.94625,-0.01326,0.97173,0.0014,0.94834,0.06038,0.9267,,,,,,,,,,,,,,
1,0,0.94701,-0.00034,0.93207,-0.03227,0.95177,-0.03431,0.95584,0.02446,0.94124,0.01766,0.92595,0.04688,0.93954,-0.01461,0.94837,0.02004,0.93784,0.01393,0.91406,,,,,,,,,,,,,,
1,0,0.90608,-0.01657,0.98122,-0.01989,0.95691,-0.03646,0.85746,0.0011,0.89724,-0.03315,0.89061,-0.01436,0.90608,-0.0453,0.91381,-0.00884,0.80773,-0.12928,0.88729,,,,,,,,,,,,,,
1,0,0.8471,0.13533,0.73638,-0.06151,0.87873,0.0826,0.88928,-0.09139,0.78735,0.06678,0.80668,-0.00351,0.79262,-0.01054,0.85764,-0.04569,0.8717,-0.03515,0.81722,,,,,,,,,,,,,,
